book_key,title,author,pages,average_rating,published_date
2145253,Il romantico,William  Boyd,464.0,3.75,2022.0
958696,Niets is waar,Lisa Jewell,11.0,4.0,2023.0
1793387,Pražské mordy: Skutečné kriminální případy z let první republiky (1918–1938),Dan Hrubý,408.0,4.5,2021.0
403063,"Treasured Grace (Heart of the Frontier, #1)",Tracie Peterson,316.0,3.54545454545455,2017.0
1686003,Mysterious Secrets of the Dark Kingdom: The Battle for Planet Earth,J.P. Timmons,414.0,5.0,1991.0
2098912,"Chocola et Vanilla, Tome 6",Moyoco Anno,176.0,5.0,2006.0
2574091,"Rebeldes, ni putas ni sumisas",Gemma Lienas,160.0,2.0,2005.0
1485607,Очевидность фильма: Аббас Киаростами,Jean-Luc Nancy,112.0,5.0,2001.0
916302,الخراسانية في شرح عقيدة الرازيين,عبدالعزيز بن مرزوق الطريفي,896.0,5.0,
1156099,Sinserious,JanJan Untamed,760.0,5.0,
2338982,Breaking the Bank,Yona Zeldis McDonough,349.0,4.0,2009.0
754716,Pandemic (The Extinction Files #1),A.G. Riddle,720.0,4.0,2017.0
945543,"Gentleman Wanted (Black Aces, #4)",Emma Mountford,96.0,5.0,
317588,Unexpected,Jack Ryder,42.0,3.0,
645583,Black Hawk Down: A Story of Modern War,Mark Bowden,496.0,4.55555555555556,1999.0
1801139,La respuesta del Universo: Creando su vida ideal mediante la ley de la atracción,Félix Torán Martí,,5.0,2008.0
1958019,Uncanny X-Men (1963-2011) #106,Chris Claremont,18.0,3.0,1977.0
784608,Filthy (Foreign Exchange #2),S.E. Hall,149.0,4.0,
2169617,প্রজাপতির দিন,Nuha Chowdhury,15.0,4.0,2022.0
1079691,"火盃的考驗 (哈利波特, #4)",J.K. Rowling,768.0,4.0,2000.0
2064408,The Coldest Girl in Coldtown,Holly Black,422.0,4.0,2013.0
1694862,Royal Discipline (Royal Discipline #1),Annabel Joseph,151.0,4.66666666666667,2016.0
823422,Pandora's Jar: Women in the Greek Myths,Natalie Haynes,275.0,4.4,2020.0
1779482,The Man of Feeling (Broadview Edition),Henry MacKenzie,224.0,4.0,1771.0
2498551,The Year That Follows,Scott Lasser,257.0,4.0,2009.0
643657,Murder Runs in the Family (Honey Driver Mystery #13),Jean G. Goodhind,307.0,4.36363636363636,2016.0
830024,"Cibola brennt (The Expanse, #4)",James S.A. Corey,656.0,3.5,2014.0
876772,L'homme qui plantait des arbres,Jean Giono,58.0,4.16666666666667,1953.0
1106952,Uncertain Magic,Laura Kinsale,384.0,4.16666666666667,1987.0
1081865,الخنجر,Anatoli Rybakov,322.0,4.0,1948.0
567050,Barred for Life: How Black Flag’s Iconic Logo became Punk Rock’s Secret Handshake,Stewart Dean Ebersole,328.0,2.0,2012.0
1444346,Coraline By Neil Gaiman,Neil Gaiman,,4.0,2002.0
1138031,Carretera maldita,Richard  Bachman,363.0,3.0,1981.0
952367,BattleTech Legends: Ghost of Winter,Stephen Kenson,280.0,4.0,1999.0
1738029,Unspoken Abandonment: Sometimes the hardest part of going to war is coming home,Bryan A. Wood,208.0,4.28571428571429,2012.0
1546946,Stone Cold,Sarah Humpherys,308.0,5.0,2022.0
1678503,How to Beat Wall Street - Everything You Need to Make Money in the Markets Plus! 20 Trading System Ideas,J.B. Marwood,,4.5,2013.0
2287421,Grădina Raiului,Ernest Hemingway,240.0,3.33333333333333,1986.0
1335881,Games for Actors and Non-Actors,Augusto Boal,301.0,4.71428571428571,1975.0
1055585,My Stubborn Heart,Becky Wade,352.0,4.0,2012.0
915075,Born in the GDR: Life in the Shadow of the Wall,Hester Vaizey,224.0,4.0,2014.0
525975,Faerie Heart,Livi Michael,181.0,2.0,2009.0
1050273,The Midas Bomb,Steven M. Moore,219.0,5.0,2009.0
1728209,A girl's story,Annie Ernaux,106.0,3.25,2016.0
394539,Las semillas de la vida. Parte 3: Vida (Spanish Edition),Mónica Andrés Lacasta,180.0,5.0,
125106,Duality,Cove Penn,291.0,5.0,
2415493,The Game,Vi Keeland,359.0,3.92307692307692,2023.0
392444,"How to Win the War on Truth: An Illustrated Guide to How Mistruths Are Sold, Why They Stick, and How to Reclaim Reality",Samuel C. Spitale,304.0,4.5,2022.0
1668554,Superior Day,Team Getname,,4.0,2011.0
2583913,The Mother-in-Law,Sally Hepworth,384.0,4.0,2019.0
196862,Burning Cold: The Cruise Ship Prinsendam And the Greatest Sea Rescue of All Time,H. Paul Jeffers,304.0,3.0,2006.0
2534667,Love in the Ruins,Barbara Cartland,124.0,5.0,
202238,Social Intelligence: The New Science of Human Relationships,Daniel Goleman,416.0,4.10294117647059,2006.0
1341526,"Longe dos Olhos, Perto do Coração",Jenny Colgan,368.0,2.0,2020.0
1539158,Tự đào giếng trước khi chết khát,Harvey MacKay,408.0,3.0,1997.0
1145343,"Perfect Pact (Mason Creek, #27)",Cary Hart,169.0,5.0,
616660,Puissance de la douceur,Anne Dufourmantelle,128.0,5.0,2013.0
2178270,Jennifer Crusie 3-Book Set: What the Lady Wants/ Manhunting/ Getting Rid of Bradley,Jennifer Crusie,,5.0,1995.0
1172043,The Stone Girl's Story,Sarah Beth Durst,336.0,5.0,2018.0
415444,Se busca canguro,Marta Claus,345.0,2.66666666666667,
1027814,Crossed Trails,Bob Blink,254.0,4.0,
790731,99 Days,AnnaLisa Grant,246.0,5.0,
1253365,Bottle of Lies (Bennett Sisters; Dead Flat #1),Lise McClendon,63.0,3.0,2019.0
2422091,The Visions of Ransom Lake,Marcia Lynn McClure,296.0,4.45,2002.0
2091148,"¡Camarero, este café está frío!: Primeros auxilios para mejorar la asertividad, la comunicación y las relaciones personales (Cuadrilátero de libros) (Spanish Edition)",Raquel Ballesteros,208.0,4.0,2016.0
2092484,French Exit,Patrick deWitt,304.0,4.0,2018.0
1916600,Memories Unwound,Ruby Dhal,180.0,4.0,
612893,One Piece 59: La Mort De Portgas D. Ace,Eiichiro Oda,208.0,5.0,2010.0
2328238,Richard Scarry's Best Rainy Day Book Ever,Richard Scarry,144.0,5.0,1974.0
37906,Geoengineering: The Gamble,Gernot Wagner,203.0,4.0,
309834,"I diavoli sono qui (Chief Inspector Armand Gamache, #16)",Louise Penny,616.0,5.0,2020.0
1763153,Little Fox in the Forest,Stephanie Graegin,40.0,4.0,2017.0
769178,O Segredo do Chocolate,James Runcie,208.0,4.0,2001.0
604012,"Happy Shitty Life, Vol. 5",Harada,192.0,4.0,2023.0
470062,Dante's Divine Comedy: Inferno : Journey to Joy,Kathryn Lindskoog,226.0,5.0,1320.0
753077,"The Dead in Their Vaulted Arches (Flavia de Luce, #6)",Alan Bradley,310.0,4.25165562913907,2014.0
2328812,Vampire Dormitory 2,Ema Tōyama,160.0,4.0,2019.0
97097,"Heartsick (Archie Sheridan & Gretchen Lowell, #1)",Chelsea Cain,324.0,4.0,2007.0
2152837,Mózg ćwiczy. Czyli jak utrzymać umysł w dobrej formie,Kaja Nordengen,256.0,4.0,2018.0
2597201,In the Beginning: Compelling Evidence for Creation and the Flood (7th Edition),Walter T. Brown,328.0,4.0,1989.0
1141086,ناريا,حسن علي أنواري,168.0,4.0,
1238167,Puppet on a Chain,Alistair MacLean,222.0,3.0,1969.0
2305731,Unrest,Yeng Pway Ngon,317.0,3.0,2009.0
1562602,Shoes and Baby,S.Y. Robins,43.0,5.0,2015.0
1567494,A Cellist's Life (Strings Backstage),Colin Hampton,128.0,4.0,2000.0
980545,Secrets of Power Salary Negotiating: Inside Secrets From a Master Negotiator,Roger Dawson,288.0,4.0,2006.0
945790,The Tent,Margaret Atwood,176.0,5.0,2006.0
1638051,The Key to Heaven,Ray Comfort,192.0,5.0,1997.0
263853,"Murder in the Latin Quarter (Maggie Newberry Mysteries, #7)",Susan Kiernan-Lewis,392.0,4.42857142857143,2016.0
909436,Piddly Poems for Children: Volume 1,Benny Bellamacina,34.0,4.0,2009.0
2178508,"Chico Bento: O Casamento da Rosinha, #23",Mauricio de Sousa,66.0,4.0,2017.0
409253,Praxeological Ethics,J. W. Rich,155.0,4.0,
2377562,People Called Kolkata,People Places Project ..,302.0,5.0,
933620,Весёлая семейка,Nikolay Nosov,520.0,5.0,1954.0
2413736,Famous Last,Brian  Lancaster,359.0,2.0,
1413398,Het boek Daniel,Chris De Stoop,256.0,4.24,2020.0
2044360,"Sternenschweif, 77, Geheimnis des Mondes (German Edition)",Linda Chapman,0.0,3.0,
92391,The New Journalism,Tom Wolfe,394.0,4.5,1973.0
145054,Your Score,Anthony Davenport,224.0,4.0,2018.0
1656238,Malik (Kif Warriors #1),Kiki Burrelli,188.0,4.0,2019.0
1463506,A democracia equilibrista: Políticos e burocratas no Brasil (Portuguese Edition),Pedro Abramovay,184.0,4.25,2022.0
2493559,En busca del misterio,Fernando Jiménez del Oso,333.0,4.0,
2552956,La revelación de los templarios,Lynn Picknett,0.0,3.0,1997.0
26331,The Stay At Home Chef Family Favorites Cookbook,Rachel Farnsworth,352.0,5.0,
10390,De cómo un rey perdió Francia,Maurice Druon,329.0,2.8,1977.0
173273,Kick Back,K.J .,305.0,4.8,2020.0
1147512,Trillions: How a Band of Wall Street Renegades Invented the Index Fund and Changed Finance Forever,Robin Wigglesworth,352.0,5.0,
127955,"Light from Her Mirror (Mirrors Don't Lie, #3)",Becki Willis,306.0,5.0,2014.0
1174343,Raptor: A Journey through Birds,James Macdonald Lockhart,384.0,3.0,2016.0
849527,The Haunting of Blackwood House,Darcy Coates,358.0,3.95833333333333,2015.0
263128,"Bibliocollège - Nouvelles réalistes, Guy de Maupassant",Guy de Maupassant,128.0,3.0,
2085520,One Bit at a Time,Sydney Presley,65.0,4.0,2015.0
1734497,El hombre que sabía demasiado,G.K. Chesterton,288.0,4.0,1922.0
2206034,Christmas Games (Italian Edition),Mariarosaria Guarino,177.0,5.0,
667335,This Mum Runs,Jo Pavey,0.0,4.8,2016.0
1703254,The Bad Boy and the Tomboy,Nicole Nwosu,354.0,5.0,2016.0
136515,"Kingdom of Corruption (The Fausti Family, #4)",Annie Rose Welch,502.0,5.0,2019.0
284849,"Die Tage des Hirsches (Die Grenzländersaga, #1)",Liliana Bodoc,315.0,3.0,1999.0
2587155,"The End of Me (The Single Lady Spy, #1)",Tara Brown,279.0,3.5,2013.0
2527215,Verbrenn all meine Briefe: Roman – »Sein Buch ist kein Krimi und könnte doch aufregender nicht sein.« Christine Westermann,Alex Schulman,0.0,3.66666666666667,2018.0
82372,"A Dark, Dark Tale",Ruth Brown,32.0,3.83333333333333,1981.0
2322059,Die Djurkovic und ihr Metzger,Thomas Raab,264.0,3.0,2020.0
2462551,"Ringworld's Children (Ringworld, #4)",Larry Niven,284.0,4.0,2004.0
1214020,Wartime Wishes at Bletchley Park (The Bletchley Park Girls #3),Molly Green,464.0,4.29411764705882,
2533139,شهداء العنود,علي الحجي,118.0,3.0,
2185657,Tomorrow is near but today is here (Mindful Mia #2),Asaf Rozanes,36.0,3.0,
448597,"Como Dibujar Manga, Volumen 2: Tecnicas",Matsuoka Hideki,120.0,5.0,2000.0
2065111,A Treacherous Paradise,Henning Mankell,386.0,5.0,2011.0
2148749,Mrs. Wiggins (Thorndike Press Large Print Black Voices),Mary Monroe,484.0,3.0,2021.0
1462630,The Final Storm,Liz  Hambleton,320.0,4.23529411764706,2022.0
1746772,Duivelswerk,Mo Hayder,352.0,3.5,2006.0
975792,Ο Τονγκολέλε δεν ήξερε να χορεύει,Sergio Ramírez,416.0,3.0,2021.0
1809325,Stolen by the Warlord (Ash Planet Warriors #1),V.K. Ludwig,254.0,4.0,
2120197,Marilia Carneiro No Camarim Das Oito (Portuguese Edition),Mühlhaus Carla,189.0,3.0,
1129248,"Wo die Spuren aufhören (Chief Inspector Armand Gamache, #10)",Louise Penny,480.0,4.0,2014.0
854234,Unf*ck Yourself,Yellow Kite,224.0,4.625,2016.0
1246861,"Confessional (Liam Devlin, #3)",Jack Higgins,256.0,3.93333333333333,1985.0
2576820,Shadow (Golden Skulls MC #11),Rebecca Joyce,0.0,5.0,
1538527,"Garment of Shadows (Mary Russell, #12)",Laurie R. King,304.0,5.0,2012.0
1967637,Canción de sangre,Julia   Ember,272.0,3.0,2020.0
1502120,PANDORA: End of Days,Peter J. Ang,204.0,4.11764705882353,2012.0
499950,"Among the Brave (Shadow Children, #5)",Margaret Peterson Haddix,252.0,3.90909090909091,2004.0
2097299,La libertà e i suoi nemici nell'età della guerra al terrorismo,Michael Walzer,109.0,5.0,
236450,The Light We Carry: Overcoming in Uncertain Times,Michelle Obama,319.0,4.24775784753363,2022.0
1145189,"Pekoe Most Poison (A Tea Shop Mystery, #18)",Laura Childs,317.0,3.66666666666667,2017.0
910755,The Revised Kama Sutra,Richard Crasta,333.0,4.0,1993.0
1230620,Game Project Completed: How Successful Indie Game Developers Finish Their Projects,Thomas Schwarzl,116.0,4.0,2014.0
2491684,White Lies in Blue Ink,Isabella J. Mansfield,52.0,4.0,2015.0
1085002,"My Forbidden Billionaire (My Way to Romance, #1)",Kristine W. Joy,343.0,3.83333333333333,
737977,가면속의 사랑 28,Yu-Rang Han,163.0,4.0,
2315953,Best Foot Forward (Brass Knuckles & Tattered Wings #1),Martin Svolgart,88.0,3.0,2020.0
2133151,Interesting Narrative and Other Writings,Olaudah Equiano,355.0,4.0,1789.0
1406700,Summer at Enid’s,Britt Laux,174.0,4.0,
2492545,A Country Doctor's Notebook,Mikhail Bulgakov,162.0,5.0,1925.0
1457753,Apple Seeds in the Snow (The Zemkoska Chronicles),Helen Rygh-Pedersen,358.0,3.0,
57978,Thalia De Luca,Jaclin Marie,252.0,3.36363636363636,2020.0
188966,La ragazza di Bube,Carlo Cassola,219.0,4.5,1960.0
487617,What's So Great About the Eiffel Tower?: 70 Questions That Will Change the Way You Think about Architecture,Jonathan Glancey,176.0,3.66666666666667,
127884,الحب بذكاء : كيف تجدين الرجل الذي تحلمين به؟ أو كيف تصلحين شأن زوجك,Phillip C. McGraw,304.0,2.33333333333333,2005.0
1958111,Road Story,Julienne van Loon,166.0,4.0,2005.0
721744,F,Daniel Kehlmann,384.0,4.0,2013.0
211472,The Missing Word: A Novel,Concita De Gregorio,118.0,4.0,2015.0
1005736,"Shadow Summoner (Choronzon Chronicles, #1)",Tess Adair,309.0,3.0,2018.0
1362240,For Women and Girls Only: Reshaping Jewish Orthodoxy Through the Arts in the Digital Age,Jessica Roda,336.0,5.0,2024.0
1358046,A concepção semântica da verdade,Alfred Tarski,252.0,4.0,
822825,"One Last Chance (Oak Grove, #3)",Nancy Stopper,,3.0,
436832,Pretty Please: A Book of Manners (Disney Princess),Kiki Thorpe,64.0,3.0,2005.0
1252285,El beso azul,Jordi Sierra i Fabra,431.0,5.0,
917475,"Maliciously Obedient (Obedient, #1)",Julia Kent,246.0,3.73333333333333,2013.0
273958,The Dying Earth RPG,Robin D. Laws,192.0,4.0,2001.0
2129579,Dead Highways: Origins (Book 1),Richard  Brown,257.0,4.0,2012.0
2125983,De bekendste methodieken voor no-nonsense coachen - Zes praktische aanpakken voor effectieve coaching,Anne de Jong,173.0,3.0,
765747,Fearless,Jordan Silver,54.0,4.0,2018.0
2092181,La buena novela,Laurence Cossé,416.0,4.0,2009.0
659980,Coral Cafe (Coral Cottage at Summer Beach),Jan Moran,258.0,4.0,
2268707,Conquering Chaos,Catelynn Lowell,161.0,3.5,2015.0
1677663,The Sirens of Soleil City,Sarah C. Johns,304.0,4.0,
1329417,"Homebodies (Out of Uniform, #4.5)",Annabeth Albert,35.0,4.0,2018.0
459227,The Houseboat,Dane Bahr,256.0,3.28571428571429,2022.0
961383,Draaidagen,Bianca Boer,270.0,2.0,
1015477,"Magnet (Terran Times Second Wave, #14)",Viola Grace,90.0,4.0,2014.0
221795,Leuchtfeuer,Dani Shapiro,288.0,2.0,2022.0
801408,دنقلا,إدريس علي,168.0,3.58333333333333,1993.0
2086815,Tensei Oujo wa Kyou mo Hata o Tatakioru Vol.1,Bisu,,4.0,
1864187,Carnival of Souls,Melissa Marr,306.0,3.58181818181818,2012.0
1273933,Sun Tzu for Women: The Art of War for Winning in Business,Becky Sheetz-Runkle,225.0,5.0,2010.0
38812,Oasis (Inferno #2),J.R. Gray,232.0,4.5,2019.0
873814,Amazon Elastic Compute Cloud (EC2) User Guide for Linux Instances,Amazon Web Services,892.0,4.33333333333333,2012.0
2223156,Undercover Love,Lucy Score,188.0,4.4,2015.0
1163473,"One More Mountain (Breadwinner, #5)",Deborah Ellis,192.0,4.4,
2217464,All We Like Sheep,Mary G. Peeples,104.0,3.0,1987.0
2016418,When in Rome...,Gemma Townley,306.0,3.66666666666667,2004.0
1734832,"Chicken Soup for the Soul: Living with Alzheimer’s  & Other Dementias: 101 Stories of Caregiving, Coping, and Compassion",Amy Newmark,400.0,4.66666666666667,2014.0
1124482,The Snake Has All the Lines,Jean Kerr,163.0,4.0,1960.0
2050574,Reincarnated as the Piggy Duke: This Time I’m Gonna Tell Her How I Feel! Volume 8 (Reincarnated as the Piggy Duke: This Time I'm Gonna Tell Her How I Feel!),Rhythm Aida,242.0,5.0,
2216915,Morgen mag ik naar huis: 10 dagen op zaal met Maar,unknown author,0.0,5.0,
1675214,ليس من الضروري أن تتنفس! It's not neccessary to breathe!,علي جابر الفيفي,18.0,4.0,2020.0
1679512,Núi thần (Tập 2),Thomas Mann,748.0,5.0,1924.0
2359551,"How to Break a Dragon's Heart (How to Train Your Dragon, #8)",Cressida Cowell,320.0,4.66666666666667,2009.0
876938,World Religions: The Great Faiths Explored and Explained,John Bowker,216.0,3.9,1997.0
1191767,The Scaredy Cat (Usborne First Reading Level 3),Russell Punter,48.0,3.0,2008.0
2427382,Anne Boleyn,Marie Louise Bruce,380.0,3.0,1972.0
1899249,Francotirador,Chris Kyle,,4.5,2012.0
1640939,Le Catilinarie,Marcus Tullius Cicero,201.0,3.4,-63.0
17226,The Wrong Man (John Bailey #5),Tim Ayliffe,352.0,4.0,
1146086,The Pain Eater,Beth Goobie,236.0,3.92307692307692,2016.0
1658449,Ashes in the Wind,Kathleen E. Woodiwiss,664.0,4.19318181818182,1979.0
1375705,Lords of Eire: An Irish Medieval Romance Bundle,Kathryn Le Veque,1257.0,5.0,
297803,Batman/Superman (2019-2021) #10,Joshua Williamson,24.0,3.0,
2001666,Das Brot der frühen Jahre,Heinrich Böll,336.0,4.0,1955.0
2425171,Sanctuary (The Chosen Trilogy #1),Cheyenne Nikole,435.0,3.0,
932812,Voices from the Plain of Jars: Life under an Air War (New Perspectives in SE Asian Studies),Fred Branfman,176.0,4.5,1972.0
1407465,The Shocking Story of Electricity: Internet Referenced (Young Reading),Anna Claybourne,64.0,5.0,2006.0
469613,Dead Rising,Carl Hose,95.0,4.0,2010.0
375792,High School Queens,Zachary Ryan,302.0,2.5,
2187368,الموسيقي الأعمى,Vladimir Korolenko,188.0,4.0,1886.0
2455455,拔魔,冰临神下,,2.0,
771056,And She Was (Brenna Spector #1),Alison Gaylin,402.0,4.5,2012.0
1843556,Das Haus über dem Fjord,Kristin Valla,319.0,5.0,2019.0
2517474,A Pale View of Hills,Kazuo Ishiguro,192.0,1.0,1982.0
826167,White Is for Witching,Helen Oyeyemi,283.0,3.93333333333333,2009.0
1245984,Life on the Mississippi,Mark Twain,317.0,4.57142857142857,1883.0
2147572,The Fall of Troy,Quintus Smyrnaeus,301.0,3.5,350.0
1924601,"DAD: Untold Stories Of Fatherhood, Love, Mental Health and Masculinity",Elliott Rae,400.0,5.0,
1635121,The Art of Submission (The Art of D/s #1),Ella Dominguez,364.0,4.0,2012.0
2048311,The Faith Healer of Olive Avenue,Manuel Muñoz,239.0,4.0,2007.0
2524433,"Her Fearless Warrior (Lunarian Warriors, #6)",Roxie Ray,252.0,3.5,2020.0
1340715,Don't Go to Sleep Yet! (Sammy Bird),V. Moua,0.0,5.0,
2401444,Elegant and Easy Rooms,Dylan  Landis,240.0,3.0,1997.0
1856150,"Summary Of The 1619 Project: A New Origin Story By Nikole Hannah-Jones | Get The Key Ideas In Minutes, Not Hours",Rapid Reads,,3.0,
2488614,Eat That Frog,Brian Tracy,128.0,4.0,2001.0
608731,A Fisherman of the Inland Sea,Ursula K. Le Guin,193.0,5.0,1994.0
665960,Fossil Hunter,John B. Olson,368.0,2.0,2008.0
1693277,Millennial Love,Olivia Petter,240.0,3.5,
431801,Riikinkukon paratiisi,Jojo Moyes,511.0,3.0,2005.0
2506182,"Peligro Inminente (Jack Ryan, #5)",Tom Clancy,624.0,4.0,1989.0
203490,Vampire Knight T10 Ed Double,Matsuri Hino,256.0,4.0,
1683923,Satin Anvils,Eric Beeny,6.0,5.0,
2012998,Recall-Devil-King: Summon-A Demon-Lord To My World's-Vol.1,Vera Solorzano,360.0,4.0,
577828,The Crying of Lot 49,Thomas Pynchon,128.0,4.0,1966.0
1537042,Como Entender os Homens: O Que Você Deve Saber (Portuguese Edition),Seu Relacionamento Melhor,36.0,4.0,
1371601,"Kissing Cupid (Rancho Estate, #5)",Sonia Francesca,128.0,5.0,2005.0
1044157,1984,George Orwell,384.0,4.0,1949.0
103162,Mathematics Explained for Primary Teachers [with eBook Access Code],Derek W. Haylock,496.0,4.0,1995.0
1596409,"Avercamp, laat twintigste eeuw",Stephan Enter,27.0,4.0,
382175,The Cindy Chronicles: The Complete Set,RaShelle Workman,393.0,3.33333333333333,2013.0
545377,At War with Ourselves: My Tour of Duty in the Trump White House,H.R. McMaster,348.0,4.21428571428571,2024.0
2340967,Marvel Share Your Universe Sampler,Marvel Comics,27.0,4.5,
170449,Aristokratas Maskvoje,Amor Towles,544.0,4.08333333333333,2016.0
1938519,How to Remember,Cari Dubiel,298.0,5.0,2020.0
533798,Wild Goose Chase (Palm Island #4),K.M. Neuhold,265.0,4.2,2023.0
2465730,La Tête d'un homme,Georges Simenon,186.0,4.0,1931.0
2124956,The Woman in the Water,Will Barton,207.0,4.0,
911875,Politics and Aesthetics,Jacques Rancière,120.0,3.0,
1241883,The Fortnight in September,R.C. Sherriff,304.0,4.66666666666667,1931.0
52432,"Contes et légendes inachevés : Le Premier Age (Contes et Légendes inachevés, #1)",J.R.R. Tolkien,256.0,3.625,
1158071,Saksı Olmanın Faydaları,Stephen Chbosky,285.0,4.16666666666667,1999.0
742020,Jefferson's War: America's First War on Terror 1801-1805,Joseph Wheelan,414.0,5.0,2001.0
1735456,Amelia's Storm (Brides of Bethany Springs #7),Charlotte Dearing,222.0,4.0,
1458385,"Laid-Back Camp, Vol. 13",Afro,178.0,3.0,2022.0
273146,Onschuldig verleden,Viveca Sten,381.0,3.0,2010.0
1665164,Gulbja zvaigznājs,Rolanda Bula,254.0,4.5,
1009869,"The Solid-State Shuffle (Sunken City Capers, #1)",Jeffrey A. Ballard,270.0,5.0,2016.0
970136,Il Grido Del Gabbiano,Emmanuelle Laborit,212.0,5.0,1994.0
1022484,Atlantis in Peril,T.A. Barron,272.0,5.0,2015.0
383332,The Texas Ranch: The Complete Series,Jodi  Walker,782.0,4.16666666666667,
481492,Unholy Ground (Inspector Matt Minogue #2),John Brady,304.0,5.0,1989.0
745418,In the Wake,Per Petterson,230.0,4.27272727272727,2000.0
1054817,Нова Європа,Катерина Зарембо,176.0,3.0,2018.0
1296855,Sàpiens 2. Els pilars de la civilització: Una història gràfica 2,Yuval Noah Harari,256.0,3.0,2021.0
2035264,Fiance For Christmas (Christmas),Catherine George,192.0,4.0,1998.0
394065,Finding Me,Michelle Knight,,4.0,2014.0
604893,"Betrayal of Thieves (Legends of Dimmingwood, #2)",C. Greenwood,175.0,4.09090909090909,2012.0
566794,Con Respeto: Bridging the Distances Between Culturally Diverse Families and Schools: An Ethnographic Portrait,Guadalupe Valdés,240.0,5.0,
1588852,Fed After Midnight,Latrexa Nova,113.0,4.5,
587457,Happily Ever After (Runaway Princess: Flicka #5),Blair Babylon,314.0,4.33333333333333,
1509695,Religion for Atheists: A Non-Believer's Guide to the Uses of Religion,Alain de Botton,320.0,4.0,2011.0
2589402,Bulgaria Mexicalli,Gerardo Arana Villarreal,42.0,5.0,2011.0
876941,Contemplation by Franz Kafka (1998-09-01),Franz Kafka,,3.0,1912.0
1486551,Back Door Horse (Green Mountain Romance Book 1),Heather    Wallace,264.0,4.5,
2018080,The War That Ended Peace: The Road To 1914,Margaret MacMillan,739.0,5.0,2013.0
1672267,The Last Championship (Pitstop #1.5),Bridget L. Rose,,4.0,
1259748,All the Horses of Iceland,Sarah Tolmie,112.0,3.72727272727273,2022.0
2154368,الهروب إلى الحرية,حسين الشهرستاني,288.0,3.0,2010.0
224534,"Up to Me (The Bad Boys, #2)",M. Leighton,289.0,4.24610591900312,2013.0
206838,The Ladies of Missalonghi,Colleen McCullough,189.0,3.70588235294118,1987.0
2064430,"Retour à la lumière (Le veilleur des brumes, #3)",Robert Kondo,195.0,5.0,2019.0
51672,Triumph of Truth: Rajiv Gandhi Assassination-The Investigation,D.R. Kaarthikeyan,280.0,4.0,2004.0
2473576,"Any Old Diamonds (Lilywhite Boys, #1)",K.J. Charles,320.0,4.48484848484848,2019.0
1951552,Seven Years of Darkness,You-Jeong Jeong,338.0,3.0,2011.0
693457,The House of Paper,Carlos María Domínguez,112.0,3.66666666666667,2002.0
2089073,حب تصميم الشعارات : دليلُ صناعة الهويَّات التجاريَّة المتميِّزة,ديفيد ايراي,220.0,4.0,2009.0
2199459,Betrayal (Immortal Protectors #1),H.M. McQueen,225.0,5.0,2015.0
1162029,"The Book of Humans: A Brief History of Culture, Sex, War and the Evolution of Us",Adam Rutherford,273.0,3.82758620689655,2016.0
1707227,Making Faces,Kevyn Aucoin,160.0,4.55813953488372,1997.0
1908349,"Of Snow and Roses (Magically Ever After, #1)",T.M. Franklin,277.0,3.5,2020.0
1117577,قصص الأنبياء في القرآن الكريم,مركز المعارف للمناهج والمتون التعليمية,364.0,3.5,
1977271,Por qué fracasan los países,Daron Acemoğlu,600.0,3.0,2012.0
349879,You'll Know in Your Heart (The Gods Made Me Do It #7),Lisa Oliver,208.0,4.6,2019.0
2069017,"Hallo, Mister Gott, hier spricht Anna",Fynn,,3.0,1974.0
430242,"Wildest Dreams (Thunder Point, #9)",Robyn Carr,361.0,4.61111111111111,2015.0
2099411,Family Graces,Kathryn Magendie,280.0,4.0,2012.0
921211,Le journal intime de Sally Mara,Raymond Queneau,,4.0,1950.0
1427916,Viva Coldplay!: A Biography,Martin Roach,199.0,4.0,2010.0
1239213,Allegiance to Power: A Political Espionage Thriller,Steven Lee,321.0,3.0,
1147207,Omicidio al Roadhouse,James    Ross,382.0,3.0,1940.0
1646949,The Killer Wore Cashmere Socks,Dixie Howell,242.0,5.0,
2141707,Baby Animals from Africa: A rhyming picture book for children aged 0-5,Barb Asselin,25.0,3.4,2014.0
2171038,Working with Bitches: Identify the Eight Types of Office Mean Girls and Rise Above Workplace Nastiness,Meredith Fuller,273.0,5.0,2013.0
2568613,The Firebird's Tale,Anya  Ow,217.0,3.0,
1688989,Beyond the Veil,Burgs,331.0,5.0,2008.0
1883044,The Dreaming Road,Elizabeth Moore,378.0,5.0,
12471,"Shift Happens (New Orleans Nocturnes, #2)",Carrie Pulkinen,242.0,3.33333333333333,2020.0
1300637,"Throne of Glass Collection (Throne of Glass, #1-3)",Sarah J. Maas,0.0,4.90322580645161,2014.0
1328525,Distant Relations: Iran and Lebanon in the Last 500 Years,H.E. Chehabi,288.0,4.0,2006.0
2305192,"The Miracle of the Bread, the Fish, and the Boy",Anthony   DeStefano,32.0,4.0,
483426,The Black Velvet Coat,Jill G. Hall,351.0,3.875,2015.0
2423896,Revolutionary Witchcraft: A Guide to Magical Activism,Sarah Lyons,168.0,5.0,
187289,Van Halen Rising: How a Southern California Backyard Party Band Saved Heavy Metal,Greg Renoff,400.0,4.38095238095238,2015.0
215343,Toubab,Núria Tamarit,116.0,4.0,
1513331,"Der gefallene Engel (Black Dagger, #39)",J.R. Ward,640.0,4.0,2023.0
1581454,CONSEQUENCES: DNA DOESN'T LIE... OR DOES IT?,Heather Dawn Gray,279.0,4.5,
2547165,Smoke: Poems,Jeanne Bryner,96.0,5.0,2012.0
785008,Curly Verse: Selected Poems,Michael Leunig,132.0,4.5,2010.0
2191963,Discover Europe (Lonely Planet Discover),Oliver Berry,1810.0,4.0,2010.0
1321581,Doctor Who: The Deviant Strain,Justin Richards,259.0,3.0,2005.0
1844469,"Alpha Fighter (The Alpha Fighter, #1)",Ava Ashley,238.0,4.0,2014.0
1628776,Thrown Away Child,Louise   Allen,285.0,4.69230769230769,2017.0
644310,Los Caballeros de Neraka,Margaret Weis,511.0,2.0,2000.0
2463236,Coil Quake Rift,Nathan Elias,239.0,4.0,
2196754,Cafe Kitchen: Relaxed Food for Friends from the Lantana Cafe,Shelagh Ryan,160.0,3.0,2014.0
1625737,Fortunate: Orphan Series Book One,Dandridge Monroe,271.0,4.5,
1032311,Những bông hoa trên tầng áp mái,V.C. Andrews,479.0,4.0,1979.0
345306,Bright Hair About the Bone,MissDisoriental,805.0,5.0,
701227,"Bought Mafia Bride (The Bonanno Family, #4)",Mae Doyle,236.0,4.66666666666667,2021.0
1854924,"Off the Page (Between the Lines, #2)",Jodi Picoult,356.0,3.78947368421053,2015.0
213246,Finding Chris Evans: The Fortune Teller Edition,Elizabeth Bemis,24.0,2.0,
1809759,"Nocturna (Gardiens des Cités Perdues, #6)",Shannon Messenger,768.0,4.7,2017.0
2527423,"Orte des lebendigen Todes: Kafka, de Chirico und die anderen",László F. Földényi,90.0,5.0,2018.0
989983,A Gipszangyal,Dezső Kosztolányi,341.0,3.0,2010.0
1173744,Darth Vadar,Jack Torrance,34.0,2.0,
1240650,Captivating: Unveiling the Mystery of a Woman's Soul,John Eldredge,256.0,3.25,2004.0
2584559,Teddy,Jason Rekulak,416.0,4.0,2022.0
1879767,Fisica per poeti. Lo scienziato come uomo e artista: storia della fisica da Galileo ai nostri giorni,Robert H. March,390.0,3.0,1978.0
1143941,"Liza ""A nest of nobles""",Ivan Turgenev,180.0,3.0,1859.0
2045942,Ni aquí ni en ningún otro lugar,Patricia Esteban Erlés,248.0,4.0,2021.0
2342303,"Treasure Island (Reading and Training Step 3, Book + CD)",Peter Foreman,124.0,5.0,1883.0
1333052,The Power of Your Subconscious Mind,Joseph Murphy,160.0,5.0,1963.0
2028129,The Yellow House,Sarah M. Broom,400.0,4.0,2019.0
1873173,"On a Wicked Dawn (Cynster, #9)",Stephanie Laurens,421.0,4.17391304347826,2002.0
889114,"The Jeremiah Study Bible, NKJV: What It Says. What It Means. What It Means for You.",David Jeremiah,2176.0,5.0,2004.0
2406305,We Survived the Holocaust: The Bluma and Felix Goldberg Story,Frank W.  Baker,156.0,3.0,
1326076,The Gruesome Acts of Capitalism,David  Lester,112.0,3.5,2004.0
32044,A Few Rules for Predicting the Future: An Essay,Octavia E. Butler,54.0,5.0,
549402,L'éternité n'est pas si longue,Fanny Chiarello,294.0,2.5,2010.0
1954299,"Multiple Sclerosis,an Enigma",Terry Crawford Palardy,176.0,5.0,2011.0
154429,The Guardian Mist,Susan Stoker,148.0,4.0,
259377,Judy: A Dog In A Million,Damien Lewis,384.0,3.57142857142857,2014.0
1684617,Daughters of War (Leonora Trilogy #1),Hilary Green,224.0,2.0,2011.0
786805,Gone to the Woods: Surviving a Lost Childhood,Gary Paulsen,344.0,4.66666666666667,2021.0
1642287,"Balladen om sångfåglar och ormar (The Hunger Games, #0)",Suzanne Collins,,2.0,2020.0
86822,The Better Mom Devotional: Shaping Our Hearts as We Shape Our Homes,Ruth Schwenk,224.0,4.6,
590662,Я іду шукати,Анастасія Нікуліна,448.0,5.0,
776402,The Vatican's Secret Scroll,Aldivan Torres,74.0,2.0,
2339919,Nonprofit Consulting Essentials: What Nonprofits and Consultants Need to Know,Penelope Cagney,272.0,4.0,2010.0
2331030,Luke Skywalker and the Shadows of Mindor (Star Wars),Matthew Woodring Stover,337.0,4.0,2008.0
1325815,Crazy Busy (Pack of 25),Kevin DeYoung,6.0,5.0,2013.0
2336470,The Worlds of J. R. R. Tolkien: The Places That Inspired Middle-earth,John  Garth,208.0,4.75,2020.0
1132667,"The Lovers: Afghanistan's Romeo and Juliet, the True Story of How They Defied Their Families and Escaped an Honor Killing",Rod Nordland,362.0,4.23076923076923,2015.0
288227,"So Great a Cause (The Work and the Glory, #8)",Gerald N. Lund,511.0,4.52631578947368,1997.0
1341523,The House at Sea's End,Elly Griffiths,0.0,5.0,2011.0
2268634,"Руки, ​полные дождя",Мэй,384.0,4.0,
1785680,The Silence of War: An Old Marine in a Young Marine's War,Terry  Mcgowan,314.0,2.5,2016.0
1582784,Hikikomori,Kevin  Kuhn,223.0,3.0,2012.0
98236,Erik Çekirdeği,Leo Tolstoy,77.0,4.33333333333333,2008.0
2266964,Garden Earth - From Hunter and Gatherers to Global Capitalism and Thereafter,Gunnar Rundgren,,5.0,2012.0
1244579,Teenage Mutant Ninja Turtles Adventures Vol. 14,Dean Clarrain,115.0,5.0,2017.0
2259214,Better than Best friends,Ahona Sadhu,,3.0,
1254953,Jak mluvit a působit na druhé při obchodním jednání,Dale Carnegie,188.0,2.0,1962.0
166912,The Never Ending Story,Michael Ende,384.0,4.2,1979.0
1158706,Изобретение Мореля: сборник рассказов (Личная библиотека Борхеса),Adolfo Bioy Casares,317.0,4.66666666666667,1940.0
1371992,Love and Death: Two Louisiana Stories,Sam Irwin,45.0,5.0,2013.0
849021,"The Sleepover: The unputdownable, page-turning psychological thriller from bestseller Keri Beevis",Keri Beevis,364.0,4.5,2022.0
2302101,High-Caliber Christmas,B.J. Daniels,224.0,5.0,2005.0
1716218,Ultimate Sacrifice,S.E. Green,224.0,4.0,2017.0
1237473,Abraham Lincoln Burns in Hell: Issue #2,B.L. Blankenship,0.0,5.0,
1193676,"Fabulupus: How to be young, successful and fabulous (with lupus)",Jodie Nimigon-Young,184.0,4.0,2014.0
2044982,Lead with Your Heart: Lessons from a Life with Horses,Allan J. Hamilton,233.0,4.5,
546112,Topchefs en Westmalle,Norbert Koreman,169.0,5.0,2005.0
1615547,By Franz Kafka Die Verwandlung,unknown author,0.0,5.0,
1934097,The Interloper: Lee Harvey Oswald Inside the Soviet Union,Peter Savodnik,288.0,3.5,2012.0
738038,Streunende Köter,Domenico Mungo,313.0,5.0,2008.0
2369604,Diario de hazañas de Lobito,Ian Whybrow,128.0,5.0,1996.0
1226963,"Приказки, Оскар Уайлд",Oscar Wilde,171.0,3.0,1888.0
2279373,Waiting to Wake,Mary DeRosa Hughes,135.0,5.0,
924145,Über das Meer: Mit Syrern auf der Flucht nach Europa,Wolfgang  Bauer,133.0,3.0,2014.0
1496313,"The Promise of Love (Includes: Fast Track, #4.5; Shadow Stalkers, #1)",Lori Foster,320.0,5.0,2011.0
873162,Cade (Cutler Brothers #1),Paige Tyler,,4.0,2007.0
860003,I Malavoglia,Giovanni Verga,,3.75,1881.0
1773107,Only Passing Through: The Story of Sojourner Truth,Anne Rockwell,40.0,5.0,2000.0
174301,"Overland: Istanbul to Kathmandu, Adventures along the Hashish Trail",Benson Lamb,185.0,5.0,
503496,Hungerwinter (Oppenheimer #5),Harald Gilbers,446.0,3.0,2020.0
2551179,How Leaders Create Chaos: And Why They Should,Sam Chand,156.0,4.0,
1446288,The Beatles: The Illustrated Biography,E. Good,224.0,4.0,2008.0
1908503,"The Gulag Archipelago, 1918-1956: An Experiment in Literary Investigation, Books V-VII",Aleksandr Solzhenitsyn,576.0,4.41666666666667,1973.0
2264376,wees blij voor mij,Annick Verslegers,,4.0,
2177367,A Treasury of Science Fiction,Groff Conklin,192.0,3.0,1948.0
1169208,Wer war Jesus?: Theologisch-politische Interventionen,Gerd Lüdemann,98.0,1.0,2012.0
895058,Adachi and Shimamura (Light Novel) Vol. 8,Hitoma Iruma,278.0,4.5,2019.0
207224,De zomer die alles was,Mariska Overman,189.0,4.8,
1019596,More Than Scars,Sarah Brocious,333.0,4.55555555555556,2014.0
453887,De Spelen van het Biezebos,Marc de Bel,116.0,5.0,2024.0
510299,The Fall of Rome,R.A. Lafferty,302.0,3.66666666666667,1971.0
1331560,Scottish Folk Tales for Children,Judy Paterson,192.0,3.0,
862200,Ulysses Moore. Die Tür zur Zeit,Pierdomenico Baccalario,0.0,4.0,2004.0
2285416,کهربا,محمدعلی سپانلو,277.0,2.0,
1992792,The Book of Runes,Ralph H. Blum,159.0,4.0,1982.0
92940,The Crown of Rosemund,Michele Ashman Bell,256.0,3.66666666666667,2021.0
315448,The Dark Knight Devotionals: Finding Biblical Truth In The World Of Batman,Daniel V. Debs,112.0,2.0,
1822237,Jack and Jill: A Village Story,Louisa May Alcott,497.0,5.0,1880.0
1023014,Invasão Vertical dos Bárbaros,Mário Ferreira dos Santos,168.0,1.0,1967.0
2339507,Alice's Adventures in Wonderland (Annotated),Lewis Carroll,81.0,4.0,1865.0
483136,Yesterday's Tears (The Alexander Gray Series Book 2),Robert B Marcus Jr,329.0,4.0,
400283,Blackstone's Pursuits (Oz Blackstone #1),Quintin Jardine,260.0,2.5,1996.0
1472880,Nulteliv,Espen Friberg,,5.0,2016.0
2198388,O Homem Que Valia $500 000 (Blueberry #14),Jean-Michel Charlier,48.0,4.0,1973.0
1914892,"Pátá vlna (Pátá vlna, #1)",Rick Yancey,445.0,4.25,2013.0
1927354,The Lewis Family: Old Habits Die Hard (The Lewis Series Book 1),Niki Jilvontae,125.0,3.0,
733395,"Better Late Than Never (Gifted, #2)",Marilyn Kaye,224.0,3.9375,2009.0
225751,Zwykli śmiertelnicy,Erin Jade Lange,368.0,3.40740740740741,2022.0
366717,"A Decent Ride (Terry Lawson, #3)",Irvine Welsh,483.0,3.5,2015.0
1169416,Οι μάνες της άδειας αγκαλιάς,Θοδωρής Παπαθεοδώρου,485.0,4.25,2010.0
2015275,The Healers by Ann Cleeves (20-Nov-2014) Paperback,Ann Cleeves,0.0,3.0,1995.0
900345,La re-evolución empresarial del siglo XXI,Luigi Valdés,532.0,4.0,
2590934,Sueños de frontera (La Negra) (Spanish Edition),Paco Ignacio Taibo II,96.0,3.0,2003.0
1964143,"When Our Worlds Stand Still (Our Worlds, #3)",Lindsey Iler,,5.0,
1382152,مادونایی با پالتو پوست,Sabahattin Ali,200.0,4.0,1943.0
1004018,Windows 10: Windows 10 User Guide (Tech Geek Book 4),Alex Benjamin,69.0,3.0,2015.0
275797,Flame of Deception: The Wielders of Power (Flame of Deception #1),Matt Trevizo,512.0,5.0,2023.0
2023228,Medical-Legal Aspects of Occupational Lung Disease,Stuart A. Levy,192.0,4.0,2012.0
1975138,"Yvain, or, The Knight with the Lion",Chrétien de Troyes,224.0,3.73170731707317,1176.0
1297892,Her Mother's Secret,Rosanna Ley,436.0,4.24137931034483,2018.0
919158,Complete Korean: Intermediate,Mark Vincent,420.0,3.0,2014.0
1841623,Słownik,Jenny Erpenbeck,104.0,5.0,2004.0
164160,Corpus hermeticum,Hermes Trismegistus,104.0,4.0,1998.0
1484942,Garden Girls Cozy Mysteries Series: Boxed Set Four (Books 10-12) (Garden Girls Cozy Mysteries Boxed Set series Book 4),Hope Callaghan,453.0,4.33333333333333,
25054,Eb & Flow,Kelly J. Baptist,224.0,4.2,
834006,Palatul de la Miazănoapte,Carlos Ruiz Zafón,246.0,3.33333333333333,1994.0
2058939,"Realms of the Dragons (Forgotten Realms: Anthologies, #9)",Philip Athans,371.0,3.85714285714286,2004.0
546647,"The Runes of the Earth (The Last Chronicles of Thomas Covenant, #1)",Stephen R. Donaldson,772.0,4.0,2004.0
1205324,"Delia's Shadow (Delia Martin, #1)",Jaime Lee Moyer,336.0,3.2,2013.0
1008160,Dungeons of the Gods - Book 5 of Main Character hides his Strength (A Dark Fantasy LitRPG Adventure),Road Warrior,592.0,5.0,
195988,The Red Pony,John Steinbeck,95.0,3.5613810741688,1933.0
110955,Poe's Children: The New Horror: An Anthology,Peter Straub,610.0,3.0,2008.0
380440,The Death of Truth,Michiko Kakutani,142.0,3.33333333333333,2018.0
1804816,"Kim Jiyoung, née en 1982",Cho Nam-Joo,216.0,3.9,2016.0
34851,Тайната история,Donna Tartt,720.0,4.72727272727273,1992.0
1090364,"Bloodsucking Fiends (A Love Story, #1)",Christopher Moore,300.0,4.08080808080808,1995.0
1506646,Civil Partnership,Gino Meriano,128.0,1.0,2009.0
1178863,Psychology: A Beginner's Guide,G. Neil Martin,256.0,4.0,2008.0
443482,"Anti-inflammatory Diet: 30 Day Anti-Inflammatory Diet Plan to Absolutely Eliminate Pain, Lose Weight & Self-Healing (Weight Loss, Lose Weight, Fight Inflammation, Anti Inflammatory Recipes Book 1)",Shae Sparks,76.0,4.0,
1109773,I GRANDI SUCCESSI DELL’ERA SHŌ,unknown author,,5.0,
924948,السادس من نوفمبر .. المرأة وقيادة السيارة 1990 م,عائشة محمد المانع,292.0,3.75,2013.0
416030,Il treno dell'ultima notte,Dacia Maraini,430.0,4.3,2008.0
2099117,قصری در پیرنه,Jostein Gaarder,,5.0,2008.0
547638,A Very Murdering Battle: A dramatic adventure for Captain Daniel Rawson (Captain Rawson series Book 5),Edward Marston,339.0,5.0,2011.0
232320,Hitler's Pope: The Secret History of Pius XII,John Cornwell,464.0,3.9,1999.0
2161858,"The Science of Supervillainy (The Supervillainy Saga, #4)",C.T. Phipps,202.0,4.33333333333333,2017.0
710307,The Courier,Kjell Ola Dahl,384.0,4.66666666666667,2012.0
781912,Der Greif,Wolfgang Hohlbein,612.0,5.0,1989.0
433268,Burning Bright,Melissa Scott,362.0,3.33333333333333,1993.0
1625493,Cuckoo Summer,Jonathan Tulloch,256.0,4.0,2022.0
1658978,Coins of England and the United Kingdom,Stephen   Mitchell,531.0,4.0,1991.0
1860218,ผู้หญิงอย่าหยุดรวย : Smart Women Will Be Rich,เมษ พิชญพล,232.0,3.0,
1245946,Selected Poems,Sylvia Plath,85.0,4.06060606060606,1981.0
143492,The Most Commonly Asked Questions About 'A Course in Miracles',Gloria Wapnick,179.0,5.0,1995.0
22484,Маминото детенце,Любен Каравелов,88.0,3.875,1869.0
2028265,"Raven (Ruthless Paradise, #5)",Lexi Ray,476.0,4.6,
707289,"Moving Target (Ali Reynolds, #9)",J.A. Jance,340.0,4.04347826086957,2014.0
799163,The Incredible Hulk: Tempest Fugit,Peter David,144.0,3.0,2005.0
1640393,¿Hablamos del suicidio? (UNIVERSO DE LETRAS),Carmen Sánchez Alegre,,3.5,
1020704,I problemi dei bambini,Françoise Dolto,281.0,2.0,1994.0
1767286,Jeremiah's Bell: FREE SAMPLE (DCI Daley #8),Denzil Meyrick,,4.0,
163244,"Reading Comprehension: How To Drastically Improve Your Reading Comprehension and Speed Reading Fast! (Reading Skills, Speed Reading)",Adrian J. Williams,48.0,2.0,2014.0
1814997,Scales & Scoundrels #4,Sebastian Girner,30.0,5.0,2017.0
1289205,"A Deal with the Devil (The Devil Trilogy, #2)",Amelia Wilde,232.0,5.0,2021.0
2441938,"Texas Legacy (Texas Soul, #6)",Sara York,264.0,4.5,2013.0
1743878,"Wilderness Travel (Dark Titan, #2)",Thomas A. Watson,337.0,5.0,2015.0
1734693,Spectator (Tales of the Glitch Guardians #6),Dr. Block,83.0,5.0,
98386,"Secrets Collide (Bluegrass Brothers, #5)",Kathleen Brooks,245.0,4.8,2013.0
2572539,Betulkan Tatabahasa,Tan Wee Chien,148.0,5.0,
2386828,The Mystery of the Fortress (Durgo Rahasya): Detective Byomkesh Bakshy,Sharadindu Bandyopadhyay,140.0,2.0,1952.0
1862418,The Rise and Fall of the Soviet Empire,Brian Crozier,848.0,4.33333333333333,1999.0
51957,"Get Shit Done: 2019 Organizer has Weekly Views with To-Do Lists, Funny Holidays & Inspirational Quotes as well as 2019 Vision Board to Set Goals, ... and 20+ Ruled Notes Pages. (Naught Planners)",NOT A BOOK,149.0,4.0,
1768998,Haunted Sweets (Samantha Sweet Magical Cozy Mysteries #17),Connie Shelton,244.0,4.375,2023.0
764341,Operatie Verity (Dutch Edition),Elizabeth Wein,363.0,4.0,2012.0
1458919,This Changes Everything,Helen McGinn,266.0,4.05555555555556,
1137603,Corrompidos pela Escuridão: Máfia Sangue e Honra (Portuguese Edition),Dani Moraes,575.0,4.0,
897629,V.,Thomas Pynchon,547.0,4.05263157894737,1963.0
1728856,Find Her (The Erodium Trilogy #1),Kenneth Zink,272.0,3.0,2021.0
1699757,"Hi-Fructose: Collected Edition, Vol. 1",First Last,100.0,4.4,2008.0
1841801,"Temps glaciaires (Commissaire Adamsberg, #10)",Fred Vargas,497.0,4.20512820512821,2015.0
1178280,Knowing God,EMIKO AMOTSUKA,106.0,5.0,
2375003,Turma da Mônica Jovem #18 - Surge Uma Estrela Parte 1,Mauricio de Sousa,128.0,3.0,2010.0
2374195,Das Jahr des Dugong,John Ironmonger,132.0,4.05,
1149263,Narraciones Extraordinarias,Edgar Allan Poe,,3.0,1840.0
904553,Bird With the Heart of a Mountain,Barbara Mariconda,312.0,5.0,2014.0
163107,"A Kiss of Shadows (Meredith Gentry, #1)",Laurell K. Hamilton,16.0,5.0,2000.0
116862,Виланд,Оксана Кириллова,670.0,5.0,
2106880,Deep Space: The NASA Mission Reports: Apogee Books Space Series 48,Robert Godwin,432.0,5.0,2005.0
2499188,"Secret Baby Next Door (Doctors of Denver, #14)",K.C. Crowne,252.0,4.16666666666667,
1852771,Extrañas,Guillermo Arriaga,409.0,4.1551724137931,
1300300,"Stay: A Story of Family, Love, and Other Traumas",Julie Fingersh,248.0,5.0,
39120,Dreadful Water (Dreadful Water #1),Hartley GoodWeather,441.0,4.16666666666667,2002.0
1367289,Amazonernes Ring,Anne Fortier,628.0,3.0,2014.0
1885871,Таинственная карта,Галина Юзефович,540.0,4.0,
86327,Retriever Ransom (Pet Whisperer P.I. Book 10),Molly Fitz,202.0,4.0,2020.0
907596,The Death Cycle Machine,Charlotte Mayerson,0.0,5.0,1998.0
144912,Waterside Cottages,Barbara Jacksier,266.0,5.0,2009.0
929151,Omdat ik altijd al de jouwe was,Emma Anna,400.0,5.0,
913338,"Lord, Light My Path: Finding a way through anxious times",J.  Martin,34.0,4.5,
98259,Amazona,Canizales,96.0,4.0,2019.0
628858,Return to De Grasceby Manor: ...and the Search for Helen (James Hansone Ghost Mysteries Book 3),Paul L. Money,321.0,4.75,
1002555,"Kahayatle (Apocalypsis, #1)",Elle Casey,385.0,4.42857142857143,2012.0
1498505,Jeder Mensch,Ferdinand von Schirach,33.0,4.02777777777778,
435194,"Iluze (Mentalista, #1)",Camilla Läckberg,576.0,5.0,2021.0
16077,Возвращение со звезд,Stanisław Lem,320.0,3.8,1961.0
275775,Realms and Rebels,Chloe Adler,2178.0,4.5,2018.0
923250,Leopolis: A Samantha Duncan Mystery (Samantha Duncan Mysteries Book 15),Daisy Thurbin,127.0,5.0,
300973,"Playing with Fyre (Fyre & Ashes, #1)",Logan Fox,102.0,3.16666666666667,2021.0
584871,Tender Harvest,Kimberly Llewellyn,190.0,4.0,2013.0
1598767,I Must Fly,Sheila Scott,224.0,5.0,
578033,The Only Women I seem to Attract are Washed-Up Heroines: Book 1,Heidi Fisk,280.0,4.0,
2084708,Made for Goodness: And Why This Makes All the Difference,Desmond Tutu,224.0,3.0,2011.0
1652777,"Post mortem (Kay Scarpetta, #1)",Patricia Daniels Cornwell,352.0,4.0,1990.0
575560,Bütün Şiirleri,Ahmet Hamdi Tanpınar,176.0,2.0,1961.0
1634896,Ed Kemper: Conversations with a Killer: The Shocking True Story of the Co-Ed Butcher (Volume 6),Dary Matera,288.0,3.90909090909091,
2379394,The Lass and the Highland Beast: Scottish Medieval Highlander Romance (Bewitching Clan Robertson Book 2),Fiona Faris,463.0,5.0,
342858,Mariana,Susanna Kearsley,382.0,4.25,1994.0
1013192,Hindsight: Echoes Through Time,Mary Turner Thomson,234.0,4.0,
416463,Wild Chances (Wyoming Wilds #3),Jason   Collins,212.0,3.5,
905095,Teddy,Laurence Luckinbill,176.0,4.0,2021.0
1130611,"River Pirates (A Brothers of the Mountain Adventure, Story #2)",Jeremy  Perry,20.0,5.0,
1552836,Een jongensoorlog,J. Bernlef,132.0,2.0,2005.0
1920951,The Name of the World,Denis Johnson,129.0,4.0,2000.0
648196,"Barrayar (Vorkosigan Saga, #7)",Lois McMaster Bujold,445.0,4.0,1991.0
1918974,The Understory: A Female Environmentalist in the Land of the Midnight Sun,M.E. Schuman,298.0,5.0,
2529966,Lust Queen / Lust Victim,Don Elliott,258.0,3.0,2014.0
1905234,"The Breaker New Waves, Vol 17",Jeon Geuk-Jin,,5.0,
1087035,Meddling with Mistletoe,Liz    Johnson,256.0,3.85714285714286,2024.0
299621,"アオハライド 4 (Ao Haru Ride Light Novel, #4)",Akiko Abe,210.0,5.0,2013.0
1367499,From a Buick 8,Stephen        King,467.0,3.0,2002.0
1998296,Liebewesen,Caroline Schmitt,,4.0,2023.0
1760495,Three Dublin Plays: The Shadow of a Gunman / Juno and the Paycock / The Plough and the Stars,Seán O'Casey,272.0,4.33333333333333,1969.0
277680,Welcome to the Dark Side (The Fallen Men Series Special Editions),Giana Darling,554.0,4.0,2018.0
1649684,"The Only One (Blackwood, #2)",Melissa Ellen,358.0,4.0,2017.0
1727636,"A Game of Thrones (A Song of Ice and Fire, #1)",George R.R. Martin,,4.22222222222222,1996.0
1445122,Tethered Souls (Tethered Twins #2),Mike Essex,356.0,3.0,2013.0
2268797,Travels with Walt Disney: A Photographic Voyage Around the World (Disney Editions Deluxe),Jeff Kurtti,160.0,5.0,
1483583,"Sevcik Violin Studies - Opus 2, Part 3: School of Bowing Technique",Otakar Ševčík,24.0,3.0,2004.0
615375,Coconut Island (Lei Crime),J.L. Oakley,116.0,5.0,
2351501,"The Other Side of Silence (Bernie Gunther, #11)",Philip Kerr,341.0,1.0,2016.0
978022,رأيت الله,مصطفى محمود,192.0,3.0,1973.0
2228365,The Dictionary of Body Language: A Field Guide to Human Behaviour,Joe Navarro,208.0,3.0,
750291,The News Where You Are,Catherine O'Flynn,320.0,3.4,2010.0
515586,Sizzle (Sizzle TV #1),Whitley Green,282.0,3.66666666666667,2018.0
1414603,Dear Mr. Ted,J.D. Stockholm,779.0,3.5625,2013.0
1005776,Vierges - La folle histoire de la virginité,Élise Thiébaut,0.0,3.0,
1008492,Catatan Musim,Tyas Effendi,280.0,3.5,2012.0
2216739,逻辑与形而上学教科书系列:数理逻辑·证明及其限度,郝兆宽,249.0,4.0,
894229,The Bach Manuscript (Ben Hope #16),Scott Mariani,416.0,3.0,2017.0
1649040,Toatüdrukud. Palkon,Jean Genet,128.0,4.0,1947.0
1838022,"Queen (Gambler's Daughters, #2)",Sharon Sala,372.0,5.0,1994.0
146687,"Małe kobietki (Little Women, #1)",Louisa May Alcott,912.0,4.5,1868.0
1374123,"Great American Folklore: Legends, Tales, Ballads and Superstitions from All Across America",Kemp P. Battle,646.0,3.0,1986.0
1215183,Red Mandarins: Travels in Red China,Karl Eskelund,175.0,3.0,
2283242,"Counting on Cole (Wilde Ways, #8)",Cynthia Eden,262.0,4.0,2020.0
310080,Soul Idolatry Excludes Men out of Heaven,David Clarkson,96.0,5.0,2014.0
365670,"Reader's Advisory (Unshelved, #7)",Bill Barnes,128.0,2.0,2009.0
1024596,"The Good Soldier Ford Madox Ford Annotated - Love, Passion, And Sheer Madness",Ford Madox Ford,225.0,5.0,1915.0
184606,The Widow Rescue (Disaster City Search and Rescue),Ginny Sterling,106.0,5.0,
937593,Searching for El Dorado: A Journey into the South American Rainforest on the Tail of the World's Largest Gold Rush,Marc Herman,272.0,5.0,2003.0
743736,Блондинка в бетона,Michael    Connelly,367.0,4.5,1994.0
1691347,Kuu taivaalta,Tommi Laurinsalo,161.0,4.0,2012.0
2080184,"Total Lunar Eclipse (The Afflicted Zodiac, #3)",M.J. Marstens,,3.0,
160922,"Rebel Homemaker: Food, Family, Life",Drew Barrymore,240.0,3.5,2021.0
2360699,Der Schoppenfetzer und das Riesling-Attentat: Der vierte Fall des Erich Rottmann (German Edition),Günter Huth,171.0,3.0,
387919,My Friend the Weather Monster,Steve Smallman,22.0,5.0,2012.0
1184208,Thottal Thodarum (Tamil),Pattukottai Prabakar,300.0,3.0,2016.0
2421947,The Great Libertarian Offer,Harry Browne,287.0,2.0,2000.0
646290,Bleeding Hearts,Ian Rankin,0.0,5.0,1994.0
2264940,QUATTORDICI GIORNI,Christian Sciatt,107.0,4.0,
1085716,Christmas at Gate 18,Amy Matayo,101.0,4.0,2017.0
938477,The Dream Home,T.M. Logan,432.0,5.0,2024.0
179700,"Nem zörög a haraszt (Miss Marple, #4)",Agatha Christie,258.0,4.5,1942.0
1012023,Desires of Passionate Ladies,Emily Honeyfield,1598.0,5.0,
1153001,The Fence My Father Built,Linda S. Clare,296.0,4.33333333333333,
899755,Barrie: How a rescue dog and her owner saved each other,Sean Laidlaw,195.0,4.0,
845834,Dark City (The Travelers #2),Nathan Hystad,294.0,4.28571428571429,
2310010,Fangs for the Memories (My Sister the Vampire #18),Sienna Mercer,208.0,4.0,
500506,"Everyday Food: Light: The Quickest and Easiest Recipes, All Under 500 Calories",Martha Stewart,384.0,4.66666666666667,2011.0
957757,"The Year of Cozy: 125 Recipes, Crafts, and Other Homemade Adventures",Adrianna Adarme,272.0,3.45454545454545,2015.0
57356,Uncanny X-Men: Días del Futuro Pasado,Chris Claremont,184.0,4.5,1981.0
1324940,Complete Folk & Fairy Tales of the Brothers Grimm (Wisehouse Classics - The Complete and Authoritative Edition),Wilhelm Grimm,440.0,4.5,
432206,Dosa di Hutan Terlarang,Ken Hanggara,196.0,4.0,
419261,Celebrations: Rituals of Peace and Prayer,Maya Angelou,128.0,4.23529411764706,2006.0
1490432,Handsome Rancher (Handsome Devils #1),Liz Alvin,150.0,5.0,
663286,Horses Don't Fly: The Memoir of the Cowboy Who Became a World War I Ace,Frederick Libby,297.0,4.5,2000.0
283047,"Dr. Seuss Collection Pack: The Cat In The Hat, The Cat In The Hat Comes Back, Fox In Socks, Green Eggs And Ham, Hop On Pop, Dr. Seuss's Abc, How The Grinch Stole Christmas!, The Lorax, If",Dr. Seuss,,5.0,
972537,Künstliche Intelligenz: Ein Moderner Ansatz,Stuart Russell,1328.0,4.0,1994.0
817257,"Blackstone Ranger Scrooge (Blackstone Rangers, #6)",Alicia Montgomery,268.0,4.7,2020.0
1788575,Contemplation in a World of Action,Thomas Merton,280.0,4.0,1965.0
2208376,"Desecration (Left Behind, #9)",Tim LaHaye,443.0,4.78571428571429,2001.0
734937,First Time Exploration: Innocence First Time Forbidden Taboo Erotica (Fun on the Family Farm Book 1),Addy Pink,15.0,2.0,2014.0
1949565,"An American Saga Threads West, An American Saga",Reid Lance Rosenthal,360.0,4.0,2010.0
482616,Soul Eater: The Perfect Edition 12,Atsushi Ohkubo,264.0,5.0,
1948100,Oniria,Patrick Senécal,215.0,4.0,2004.0
2561409,Complicate your life,Winfried W. Weber,0.0,2.0,
2197684,The Fourth Dragon,Aron Lewes,0.0,5.0,
435472,"Dune (Dune Chronicles, #1)",Frank Herbert,512.0,4.36666666666667,1965.0
1492154,L'Exil et le Royaume,Albert Camus,0.0,4.5,1950.0
2264808,The Double Life Of Anna Day,Louise Candlish,384.0,5.0,2006.0
2403578,"The Doctor and the Kid (Weird West Tales, #2)",Mike Resnick,323.0,4.5,2011.0
724086,"An Unreliable Truth (Desert Plains, #3)",Victor Methos,349.0,4.63225806451613,2021.0
2565499,"Dawn of a New Day (CJ's Neighborhood, #1)",Cassandra Joy,188.0,5.0,
593158,Delta of Venus: Erotica,Anaïs Nin,250.0,3.5,1977.0
994113,Bonaparte: 1769–1802,Patrice Gueniffey,1024.0,5.0,2013.0
1263516,"All of Us Villains (All of Us Villains, #1)",Amanda Foody,384.0,2.0,2021.0
1683209,Mother India,Katherine Mayo,440.0,3.0,1927.0
1280981,Sleep Alone,J.A.W. McCarthy,127.0,4.0,
2334365,The Two-Family House,Lynda Cohen Loigman,,5.0,2016.0
767031,A Winter Away,Elizabeth Fair,235.0,5.0,1957.0
2263379,Hide And Seek: Dangerous Sinners Series,Mila Crawford,0.0,3.57142857142857,
321495,Il vascello fantasma (Pirati coraggiosi Vol. 2),Alain Surget,96.0,3.0,
696038,L'Étranger,Albert Camus,184.0,3.96092925026399,1942.0
1460320,Nicholas Nickleby,Charles Dickens,530.0,5.0,1839.0
2456501,Lucky (A Detective Jack Yu Investigation #5),Henry Chang,224.0,3.5,2017.0
2444817,Cross-Cultural Servanthood: Serving the World in Christlike Humility,Duane Elmer,212.0,4.54545454545455,2006.0
1562428,Bhagwadgeeta In Simple English,Aniruddha Banhatti,34.0,5.0,
2329571,The Waiting Heart: Book three of The Smoky Mountain Mist Series,Rhonda Lee,168.0,5.0,
888975,"Rose (The Year I Turned Sixteen, #1)",Diane Schwemm,182.0,3.4,1998.0
1455613,Gus (Downton Cowboys Book 4),Miley Maine,195.0,2.0,
783760,Toletum II Sangre Real (Spanish Edition),L. Green,270.0,5.0,
1013302,दो बैलों की कथा,Munshi Premchand,19.0,5.0,
2322065,A Tempestade,William Shakespeare,280.0,4.33333333333333,1611.0
2544121,In the Midst of Chaos: Caring for Children As Spiritual Practice,Bonnie J. Miller-McLemore,242.0,4.0,2006.0
2368262,A Praying Life: Connecting With God In A Distracting World,Paul E. Miller,277.0,4.34385964912281,2009.0
1489072,Elogio delle tasse,Francesco Pallante,158.0,3.0,
1700728,"Malagueta, Perus e Bacanaço",João Antônio,159.0,5.0,1963.0
2347509,Riptide: A Boys of Summer Novella (Ryder Bay),Jordan Ford,180.0,4.5,2019.0
186440,"Not Quite a Husband (The Marsdens, #2)",Sherry Thomas,341.0,3.9125,2009.0
1718483,Deception: Tales of Intrigue and Lies,Roald Dahl,286.0,4.5,2016.0
2311823,"A Contract Bride's Triple Surprise  (Bride Train, #2)",Reece Butler,377.0,4.0,2011.0
2482823,Desnuda (El affaire Blackstone I),Raine Miller,226.0,5.0,2012.0
2199487,Henry VI Part 2 (Folger Shakespeare Library),William Shakespeare,386.0,4.0,1591.0
2208353,The Rule of Three: Will to Survive (The Neighborhood Book 3),Eric Walters,317.0,4.0,2016.0
2466939,"A Club Esoteria Wedding (Club Estoria, #11)",Cooper McKenzie,71.0,4.0,2013.0
2336210,"Studio Danse, Tome 1",Crip,46.0,4.0,2008.0
1192313,"Psychotherapy for the Advanced Practice Psychiatric Nurse, Second Edition",Kathleen Wheeler,752.0,3.0,2007.0
870544,Il palio delle contrade morte,Carlo Fruttero,165.0,4.0,1983.0
505737,"Princezna klamu (Mostní království, #1)",Danielle L. Jensen,416.0,3.85714285714286,2018.0
788336,Insomniatic Dreams,S.J.D. Howson,96.0,5.0,2010.0
1191576,El fuerte de la Florida,Santiago Mazarro,416.0,5.0,
2024870,"Indigo Blue (Comanche, #3)",Catherine Anderson,414.0,5.0,1992.0
952251,Enquiry Concerning Human Understanding: Illustrated Edition,David Hume,196.0,4.0,1748.0
1865384,"Women, Men and the Whole Damn Thing",David Leser,336.0,3.6,
944382,"The City of Towers (Eberron: The Dreaming Dark, #1)",Keith  Baker,390.0,3.4,2005.0
26178,"Vallei der angsten (Bob Morane Dargaud, #1)",Henri Vernes,48.0,3.0,1964.0
852363,The Church Ladies League,Aine Dyer,280.0,4.0,
577697,In Praise of Shadows,Jun'ichirō Tanizaki,73.0,3.4,1933.0
676797,"Feuertaufe (Dante Valentine, #3)",Lilith Saintcrow,400.0,3.0,2007.0
1334163,The Pattern on the Stone (Science Masters),William Daniel Hillis,191.0,5.0,1998.0
2034658,Good and Gone,Megan Frazer Blakemore,304.0,2.25,2017.0
955689,Tortilla Flat,John Steinbeck,192.0,3.0,1935.0
2483977,Setting the Lawn on Fire,Mack Friedman,160.0,5.0,2005.0
2511309,Плавучий остров,Jules Verne,363.0,5.0,1871.0
2555557,Chasing Rumor: A Season Fly Fishing in Patagonia,Cameron Chambers,256.0,3.5,2015.0
1553763,Blue Skies (Arabesque),Adrianne Byrd,288.0,5.0,2007.0
735094,"The Guardians (The MORE Trilogy, #2)",T.M. Franklin,255.0,3.0,2013.0
2025515,Uwolnij przestrzeń. Przewodnik minimalisty po dobrym życiu,Regina Wong,208.0,1.0,2017.0
144256,Easy Keto Dinners,Carolyn Ketchum,247.0,4.0,2018.0
1992683,Technicians of Battle: Canadian Field Engineering from Pre-Confederation to the Post-Cold War Era,Bill Rawling,0.0,4.0,
274652,Quella maledetta paura di non essere all'altezza,Raffaele Morelli,,5.0,
2087591,Steaua ascunsa,Nora Roberts,192.0,4.0,1997.0
1286994,"Write Your Book! Publish Your Book! Market Your Book!: People, Pointers & Products to Sell Your Book (Absolute Beginner Series)",Blythe Ayne,134.0,5.0,
2427474,التاريخ والمؤرخون: دراسة في علم التاريخ,حسين مؤنس,252.0,3.0,1984.0
2052660,"We Could Have Been Friends, My Father and I: A Palestinian Memoir",Raja Shehadeh,160.0,4.25,2023.0
1269005,James (Volume 16) (The IVP New Testament Commentary Series),George M. Stulac,206.0,4.0,1993.0
1167651,The Luminaries,Eleanor Catton,848.0,3.0,2013.0
2193490,"The Further Adventures of Kiki Lowenstein, Volume #6: Short Stories that Accompany the Kiki Lowenstein Mystery Series (The Further Adventures of Kiki Lowenstein Collection)",Joanna Campbell Slan,60.0,5.0,
790514,"Furia Roșie (Furia roșie, #1)",Pierce Brown,493.0,4.36363636363636,2014.0
954045,"Conjuring Quantico (The Federal Witch, #1)",T.S. Paul,281.0,3.0,2016.0
507599,Ipotesi su Gesù,Vittorio Messori,273.0,3.66666666666667,1976.0
547657,Impact,Mark   Mills,331.0,4.4375,
2495656,"Le Palais des Automae (Crier’s war, #1)",Nina Varela,403.0,4.0,2019.0
1931304,"The Stars, The Earth, The River: Short Stories by Le Minh Khue (Voice from Vietnam)",Lê Minh Khuê,232.0,4.0,1997.0
1826223,ROMANCE: Begin Again: Clean Romantic Collection,One Four Three Publishing,0.0,5.0,
1282164,The Year of Freaking Out,Sarah Walker,230.0,4.0,1997.0
2525798,Obstacles to Young Love,David Nobbs,434.0,5.0,2010.0
482619,Το δαιμόνιο,George Theotokas,240.0,4.5,1939.0
1414521,Str8 Till Dark: Farmmates,Hector Bugarro,27.0,5.0,
1730069,"Puszi, Erzsi! - A világ macskaszemmel",Gergely Homonnay,186.0,3.4,
1653403,لاشين: الضفدع,شيرين هنائي,109.0,4.0,
89703,Sanctus,Simon Toyne,501.0,4.2,2011.0
777487,Üsküdar Ah Üsküdar,Ahmed Yüksel Özemre,336.0,4.0,
889678,Technology Business Management: The Four Value Conversations CIOs Must Have With Their Businesses,Todd  Tucker,334.0,3.0,
2322496,This Is Day One: A Practical Guide to Leadership That Matters,Drew Dudley,272.0,4.0,2019.0
1139087,Vật trong ao,Na Chích Hồ Ly,383.0,3.0,2013.0
1155545,O Videogame do Rei,Ricardo Silvestrin,141.0,1.0,
1371250,"Hell Is Coming (The Watchers, #1)",N.P. Martin,275.0,4.0,
698534,History of the Freedom Movement in India - 3 Vols.,R.C. Majumdar,0.0,5.0,1988.0
139488,The Tempest,William Shakespeare,180.0,3.14285714285714,1611.0
14670,Karla's Choice (George Smiley #4),Nick Harkaway,320.0,3.8,2024.0
211115,Nada es para siempre (Girl Heart Boy 1): Un amor adictivo (Spanish Edition),Ali Cronin,274.0,1.0,2012.0
2153690,Rain on the Sand,Jasdeep K. Sandhu,253.0,5.0,
2175353,The History of Namibia: From Petroglyphs to Progress,John Kapenda-Nakale,87.0,4.0,
34316,"Unleashed (Jinxed, 2)",Amy McCulloch,352.0,4.66666666666667,2021.0
1623650,Gulliver's Travels,Jonathan Swift,0.0,4.0,1726.0
1982831,"I ara, on sóc?",Shinsuke Yoshitake,32.0,4.0,
2088496,Canción de viejo,Hugo Padeletti,96.0,4.0,2003.0
2393840,If We Were Giants (Special Limited Edition),Dave Matthews,304.0,4.0,
227674,"Baba, nemoj ništa da me pitaš",Mirjana Bobić Mojsilović,,5.0,2007.0
323687,Split,Swati Avasthi,280.0,4.19387755102041,2010.0
2038173,The Mating Game: Why Men Want Sex and Women Need Love,Allan Pease,288.0,3.5,
1570430,"A Captured Cauldron: Rules for Compulsory Brews (Side Quest Row, #2)",R.K. Ashwick,334.0,4.5,
1900015,The Holly-day After: A Diverse Holiday Picture Book,Danielle Marietta,0.0,4.0,
680960,"Beastly Bones (Jackaby, #2)",William  Ritter,7.0,4.0,2015.0
1945334,Journey Across Tibet: A Young Woman's Trek Across the Rooftop of the World,Sorrel Wilby,236.0,4.0,1988.0
808224,"Sugarplum Dead (Death on Demand, #12)",Carolyn G. Hart,416.0,3.875,2000.0
1970833,The Goodwill Ambassador (Steven Gordon #4),J.W. Murison,292.0,4.0,
983470,"Magic Strikes (Kate Daniels, #3)",Ilona Andrews,316.0,4.0,2009.0
752970,"In Debt to the Mafia (Obsessive Mobster, #1)",Rosa Milano,276.0,4.6,2021.0
364757,Equal Opportunities - Buaian Asmara,Penny Jordan,221.0,2.0,1989.0
954892,The Red House Mystery,A.A. Milne,211.0,2.5,1922.0
643112,Wallenberg : ett familjeimperium,Gunnar Wetterberg,313.0,2.66666666666667,2013.0
1296201,Shares Made Simple: A beginner's guide to the stock market,Rodney Hobson,224.0,3.0,2007.0
1455119,The Dead Zone by Stephen King (2016-04-12),Stephen        King,0.0,5.0,1979.0
272327,"Calm Your Inflammation Anti-Inflammatory Diet: A Science-Backed Plan to Enhance Your Immune System, Promote Gut Health, Boost Energy, and Feel Your Best Every Day",Brenda Tidwell,165.0,5.0,
1188647,Pilgrim's Way,Abdulrazak Gurnah,224.0,3.0,1988.0
842542,'A9ama' Saya Adalah Jurnalisme,Andreas Harsono,268.0,4.33333333333333,2010.0
2528476,Chroniques d'une main tendue: Courtepointes et autres récits de soi,Nathalie Plaat,0.0,5.0,
2544194,"Kalliovuorten kuningas (Riksin sarja, #64)",James Oliver Curwood,216.0,3.0,1915.0
2561153,Stoic Paradoxes: A New Translation,Marcus Tullius Cicero,108.0,5.0,2015.0
1659637,Nikomu nie powiem,Catherine McKenzie,354.0,3.0,2019.0
1529099,Main Street Entrepreneur: Build Your Dream Company Doing What You Love Where You Live,Michael Glauser,239.0,5.0,
763506,"13 звичок, яких позбулися сильні духом люди",Amy Morin,288.0,5.0,2014.0
1389891,Healing The Wolf's Heart (Silent Ridge Pack #3),Skye Wilson,341.0,5.0,
2143227,SUPER SENTAI: Himitsu Sentai Gorenger The Classic Manga Collection,Shōtarō Ishinomori,352.0,3.0,
216437,The Third to Die (Quinn & Costa #1),Allison Brennan,12.0,4.33333333333333,2020.0
832974,Shielding Connie (Morgan Thompson Security #2; Special Forces: Operation Alpha),Danielle Pays,359.0,5.0,2022.0
1271618,Silent Vows (MacCoinnich Time Travels #2),Catherine Bybee,399.0,4.0,2010.0
1278610,Rock Springs,Richard Ford,235.0,5.0,1987.0
2422538,البؤساء,Victor Hugo,464.0,4.40909090909091,1862.0
2291614,High Hitler (Portuguese Edition),Norman Ohler,513.0,4.0,2015.0
1137853,Pretul adevarului. Un procuror in lupta cu sistemul,Dan Tapalaga,,4.0,2012.0
378073,El profesor,Charlotte Brontë,392.0,3.45454545454545,1857.0
845011,The Lake,Chandler McGrew,391.0,3.5,
2498742,Converging Lines: Eva Hesse and Sol LeWitt,Veronica Roberts,192.0,4.0,2014.0
1084014,Ändere die Welt!: Warum wir die kannibalische Weltordnung stürzen müssen (German Edition),Jean Ziegler,289.0,4.5,1992.0
32930,الرومي: نار العشق,Nahal Tajadod,380.0,3.09090909090909,1989.0
380941,Schiffbruch mit Tiger - Life of Pi,Yann Martel,384.0,3.0,2001.0
2291527,Nenhuma escolha precisa ser eterna (Portuguese Edition),Lucas Misunaga,132.0,5.0,
1618294,Hush,Dakota Davies,176.0,5.0,
1340689,Because Daddy Says So,Beckett Layne,,5.0,
148841,Rivers of Thought,Martin Buxbaum,71.0,5.0,
1014926,Family Business (Lydia Chin & Bill Smith #14),S.J. Rozan,303.0,4.25,2021.0
160775,Zephyr: Phase Two,Warren Hately,391.0,3.0,
1505032,The Strength Switch,Lea Waters,352.0,5.0,
2583291,"Queen of Roses (Blood of a Fae, #1)",Briar Boleyn,359.0,3.66666666666667,2023.0
1221331,İnsanın Görkemi,Ralph Waldo Emerson,186.0,4.0,1844.0
1906916,Kurtlar,Peride Celal,704.0,4.0,1990.0
435083,"Crave: Part One (Crave Duet, #1)",E.K. Blair,326.0,4.0,2017.0
980037,"How to Live Dangerously: Why we should all stop worrying, and start living",Warwick Cairns,208.0,3.0,2008.0
1307704,The Write Way to Die,Jo Bavington-Jones,304.0,3.0,
1819647,You Carried Me: A Daughter's Memoir,Melissa Ohden,160.0,4.22222222222222,2017.0
990918,Romeo und Julia,William Shakespeare,292.0,3.0,1597.0
2420593,Magic Like That,Samara Cole Doyon,40.0,5.0,
2496102,ஆரிய மாயை (பேரறிஞர் அண்ணா நூல்கள் Book 2) (Tamil Edition),பேரறிஞர்  அண்ணா,90.0,4.0,
2426258,The Fall of Napoleon: The Final Betrayal,David Hamilton-Williams,352.0,5.0,1994.0
27424,Disordered World: Setting a New Course for the Twenty-first Century,Amin Maalouf,256.0,4.6,2009.0
1457896,The Haunted House (Choose Your Own Adventure: Dragonlark),R.A. Montgomery,80.0,3.0,1981.0
1011493,Luknje: zgodba stranpoti,Andrej Blatnik,257.0,5.0,2020.0
1199284,The Fugitive. Second Circle [RealRPG Wuxia Series The Way] Book #9,Mike Ignatov,509.0,5.0,
364294,"Alliance (The Triad Series, #1)",Cari Z.,210.0,4.0,2023.0
1289226,Người Mưa,Phan Hồn Nhiên,230.0,4.0,2011.0
1368143,Summary & Analysis of Malibu Rising: A Novel By Taylor Jenkins Reid,KDN Media,,4.0,
2215821,"Mary Poppins, She Wrote: The Life of P. L. Travers",Valerie Lawson,416.0,3.0,1999.0
1771761,در جست‌وجوی دلتورا مجموعه‌ی اول,Emily Rodda,,3.0,2002.0
2069008,フールナイト 2 [Fool Night 2],Kasumi Yasuda,200.0,4.6,2021.0
2236966,"Sweet, Sweet Start (Still Water Pub, #1.6)",H.L. Nighbor,0.0,5.0,
78547,Kyan: A Richmond Family Saga (The RCF Saga Book 4),Tacarra,93.0,4.0,
2390385,Homefront (Fall of Man #2),Sam Sisavath,308.0,5.0,
1384254,Double Blessings at Christmas,Hannah Schrock,84.0,5.0,
1538911,The Cycles of American History,Arthur M. Schlesinger Jr.,815.0,4.0,1986.0
607410,No toda la sangre es roja,Carlos René Padilla,112.0,5.0,
1912699,Obituary Cocktail: The Great Saloons of New Orleans,Kerri McCaffety,144.0,5.0,1999.0
1532692,A Sober Mom's Guide to Recovery: Taking Care of Yourself to Take Care of Your Kids,Rosemary O'Connor,192.0,5.0,2015.0
819903,"A Catastrophic Theft (Reg Rawlins, Psychic Investigator #3)",P.D. Workman,230.0,4.0,2019.0
534112,Koude angst,Mads Peder Nordbo,384.0,3.0,2018.0
200065,Hijos de las estrellas: Un maravilloso recorrido sobre los orígenes del universo y del ser humano (Spanish Edition),María Teresa Ruiz,108.0,4.11764705882353,2008.0
985351,Candidate Z: A Thriller,Marc D. Giller,285.0,4.75,
644133,"Like You'd Understand, Anyway by Jim Shepard (12-Aug-2008) Paperback",Jim Shepard,,5.0,
786773,A Sinful Alliance,Amanda McCabe,288.0,2.0,2008.0
478504,Off Kilter,Glen Robins,,4.75,2015.0
1409410,My First How to Catch a Witch: A Spooky Halloween Board Book for Toddlers,Alice Walstead,24.0,5.0,2021.0
1759507,"Cathedrals by Oggins, Robin S. published by MetroBooks Hardcover",unknown author,0.0,3.0,
620458,"Renegade Love (Galactic Love, #3)",Ann Aguirre,,3.25,2022.0
203820,Bernadette of Lourdes,René Laurentin,243.0,5.0,1979.0
171124,Nutcracker,E.T.A. Hoffmann,102.0,4.01764705882353,1816.0
1663315,El peor hombre de mi vida,Lucy Score,432.0,3.76666666666667,2018.0
2493532,Escape (The Asian Saga Book 7),James Clavell,598.0,4.0,1995.0
791813,FCBD: Our Favorite Thing is My Favorite Thing is Monsters,Emil Ferris,32.0,5.0,2019.0
1908944,La maldición de Tutankamón y otras historias de la Microbiología (Divulgación Científica),Raúl Rivas González,240.0,5.0,
1602119,極上Twins (Gokujou Twins),Nana Shiiba,192.0,4.0,2009.0
1563492,The Heir of Lost Souls,Rochelle McPherson,392.0,5.0,
679973,Rosa mística,Marosa Di Giorgio,144.0,4.0,
1702035,"Persuading Patrice (Climax Creek, #4)",Kianna Alexander,75.0,4.5,2014.0
121649,Het resort,Phoebe Morgan,300.0,3.44444444444444,2021.0
1199569,Write Frame of Mind: The Ultimate Guide to the Prolific Author Mindset,Carissa L. Andrews,170.0,5.0,
327670,و نيچه گريه كرد,Irvin D. Yalom,456.0,3.5,1992.0
17326,The Book of the Dead,Muriel Rukeyser,144.0,4.25,1933.0
721195,"When You're Gone (Hampton Hearts, #3)",Abby Millsaps,315.0,4.8,
781083,Como estudar a Bíblia: O que você precisa entender para ler e entender as escrituras sagradas (Portuguese Edition),John F. MacArthur Jr.,123.0,4.5,1985.0
2479583,"So Not Meant To Be (Cane Brothers, #2)",Meghan Quinn,466.0,3.97397769516729,2022.0
335943,The Protector (Brotherhood #3),Vivian Rose Lee,280.0,5.0,
2513662,Väärillä jäljillä (Wallander #5),Henning Mankell,448.0,4.0,1995.0
1794014,Slave Nation: An Unflinching Look at the Racism that Inspired the American Revolution,Alfred W. Blumrosen,304.0,5.0,2005.0
2261723,Quen non ten un avó fascista?,Inma López Silva,254.0,3.0,2022.0
1369169,Secret Sisters: Volume One (Secret Sisters #1-2),Sandra Byrd,135.0,4.5,1998.0
1213121,Junk,Melvin Burgess,,1.0,1996.0
2026502,Over Your Dead Body: The History and Future of How we Deal with the Dead,Robert Connolly,229.0,4.0,
1575370,حدثيني يا أمي,منيرة القاسم,94.0,4.0,
1496432,"Searching for Lilly (Eagle Point Search & Rescue, #1)",Susan Stoker,11.0,4.0,2022.0
2161479,Hamlet & Macbeth,William Shakespeare,368.0,3.5,1606.0
884488,"Tetrarch (The Well of Echoes, #2)",Ian  Irvine,692.0,4.27272727272727,2002.0
894664,Shepherd's Fall,W.L. Dyson,,3.0,2009.0
103636,Practicing Thankfulness: Cultivating a Grateful Heart in All Circumstances,Sam Crabtree,144.0,4.5,2021.0
2385227,The Killing Ground,Jack Higgins,564.0,5.0,2008.0
692325,"The Raid (Ryan Decker, #2)",Steven Konkoly,383.0,4.42196531791908,2019.0
2414028,"Fry's English Delight: Word Games (Fry's English Delight, #3.5)",Stephen Fry,,5.0,2011.0
1972960,Of Human Bondage,W. Somerset Maugham,585.0,5.0,1915.0
736466,"Body of Work (Dedicated to Death, #3)",E.H. Reinhard,262.0,4.75,2017.0
539284,Gilgamesh,Stephan Grundy,575.0,3.0,1975.0
1902192,"Le bal des spectres (Mediator, #3)",Jenny Carroll,286.0,2.0,2001.0
1115077,Do Rio Com Amor: Cinta Selalu Membuatmu Bertanya,Ifnur Hikmah,284.0,3.5,2014.0
1051081,Star Wars: Thrawn Ascendancy,Timothy Zahn,,5.0,2020.0
1431747,Le Cinéma américain: Aujourd'hui l'Histoire avec Helen Faradji,Helen Faradji,117.0,4.0,
2045855,Die Pflicht (German Edition),Hagen Thiele,324.0,4.0,
428767,Darkhand (Alpha World #7),Daniel Schinhofen,409.0,4.42857142857143,2019.0
192743,Harriet Tubman: The Road to Freedom,Catherine Clinton,272.0,4.0,2004.0
3523,"Among the Mad (Maisie Dobbs, #6)",Jacqueline Winspear,319.0,4.66666666666667,2009.0
1953246,"Triple-Edged Sword (Battlecruiser Alamo, #17)",Richard Tongue,246.0,5.0,
750717,El origen de las especies,Charles Darwin,476.0,2.0,1859.0
885533,Solid State Physics,Neil W. Ashcroft,848.0,3.8,1976.0
1970181,An American Marriage,Tayari Jones,9.0,5.0,2018.0
1217022,Bang (Romancing the Band #4),Kinsey Love,31.0,5.0,
322056,The Unofficial Guide to Learning with Lego®: 100+ Inspiring Ideas (Lego Ideas),Nicolette Roux,210.0,4.0,
2213901,Reservation Blues,Sherman Alexie,306.0,4.0,1995.0
1257147,Cutnell & Johnson Physics,David Young,935.0,5.0,
2318858,Nakvynė Berlyne,Laurynas Katkus,200.0,3.0,2021.0
375812,Darth Plagueis (Star Wars),James Luceno,462.0,4.14285714285714,2012.0
796330,Tony Story (G Street Chronicles Presents),Meek Mill,256.0,3.0,2013.0
1116757,"Le pollen du Monte Urticando (Marsupilami, #4)",André Franquin,47.0,3.0,1989.0
1290155,"The Last Hunter: Descent (Antarktos Saga, #1)",Jeremy Robinson,282.0,3.8,2010.0
1177804,Zielone kasztany,Janusz Domagalik,,5.0,1977.0
1457941,Retire Your Husband: A Mom's Guide To Making Millions With Network Marketing,Denise Walsh,98.0,5.0,2013.0
1295423,What It Wasn't (Carnegie Mellon Poetry),Laura Kasischke,80.0,5.0,2002.0
1067315,HENRICO (Homens da Máfia Livro 2) (Portuguese Edition),Suany Anjos,338.0,4.0,
2340509,My Highlander (Cree & Dawn #4),Donna Fletcher,356.0,5.0,2018.0
1017216,Adam (The Protectors #5),Teresa Gabelman,196.0,5.0,2014.0
1834632,The Master,Louise Cooper,184.0,4.0,1987.0
1136389,"Happy Easter, Mouse! (If You Give...)",Laura Joffe Numeroff,24.0,3.33333333333333,2010.0
1398540,McGraw-Hill's IELTS with Audio CD,Monica Sorrenson,432.0,3.0,2012.0
544884,"La Tour de l'hirondelle (Sorceleur, #6)",Andrzej Sapkowski,480.0,4.0,1997.0
342068,A New View of a Woman's Body,The Federation of Feminist Women's Health Centers,182.0,5.0,1981.0
943478,Worth a Thousand Words (Lawson Lovers #2),Britt McKenna,338.0,5.0,2023.0
283193,"The Girl I Didn't Kill For (Jessie & Nick, #2)",Annabelle Costa,232.0,5.0,
468044,Zabelle,Nancy Kricorian,240.0,4.75,1998.0
1320757,Porcelain,Moby,418.0,4.25,2016.0
2146199,The Indomitable Chiesa di Santa Maria,Daniel Peltz,200.0,2.0,
1782450,"Happy Deadly New Year (Melting Pot Cafe, #2)",Polly Holmes,322.0,4.33333333333333,
1481653,The Boy Who Burped,Beth Lewis,34.0,5.0,
205997,"The Rosie Effect (Don Tillman, #2)",Graeme Simsion,369.0,3.9344262295082,2014.0
1576560,Lifers,Keith G. McWalter,328.0,4.0,
890758,Elph Around and Find Out: A Holiday Short,Kyeate,,5.0,
135435,"Autumn's Promise (Seasons of Sugarcreek, #3)",Shelley Shepard Gray,322.0,5.0,2010.0
2344839,Youth Aflame: Manual for Discipleship,Winkie Pratney,446.0,5.0,1983.0
2423763,The Curse,Arthur C. Clarke,,4.0,1946.0
816373,Thebes at War,Naguib Mahfouz,258.0,3.66666666666667,1944.0
1434173,Assignment The Girl in the Gondola (Sam Durell #19),Edward S. Aarons,158.0,4.0,1964.0
1944929,So Little Done: The Testament of a Serial Killer,Theodore Dalrymple,144.0,3.0,1995.0
563875,Witch Is Why The Laughter Stopped (A Witch P.I. Mystery #14),Adele Abbott,226.0,4.40909090909091,2016.0
2402979,The Bright Sword,Lev Grossman,688.0,4.27659574468085,2024.0
2056250,"Pharmako/Dynamis, Revised and Updated: Stimulating Plants, Potions, and Herbcraft",Dale Pendell,312.0,5.0,2001.0
107515,The Perfect Possession (Randolph Casey Horror Thrillers Book 2),Rockwell Scott,314.0,4.33333333333333,
199129,มาลัยสามชาย,ว.วินิจฉัยกุล,780.0,5.0,
2473548,The Glass Tower  (Sinister Coast Collection #2),Gregg Dunnett,334.0,4.1875,
1100581,On the Duke's Authority (Ducal Encounters Series 4 Book 3),Wendy Soliman,238.0,5.0,
1605540,Fragments (The Symphony Ryelle Saga #1),Amara E. Starling,305.0,5.0,2016.0
2321001,The Gallant,Janny Wurts,108.0,4.4,2019.0
296885,Burn,Patrick Ness,384.0,4.0,2020.0
2107059,"The Culture of Time and Space, 1880-1918",Stephen Kern,372.0,4.0,1983.0
1191135,Worthy of Love,Andre Fenton,200.0,5.0,
644574,Opowieści z trzepaka. Krótka historia jednego zdjęcia,Paulina Tyczkowska,200.0,4.0,2021.0
488284,The Tragedy of Brady Sims,Ernest J. Gaines,111.0,5.0,2017.0
1966652,On the Mountain,Riley Hart,9.0,4.5,2024.0
1472266,Σαν τα φύλλα του καπνού,Λία Ζώτου,560.0,3.0,2014.0
214902,The Steal: The Attempt to Overturn the 2020 Election and The People Who Stopped It,Mark Bowden,320.0,3.81818181818182,2022.0
204979,In the Grave Where the Bones Are Still Wet: Paisley Mott Book 2 (Paisley Mott Series),Kalvin Ellis,504.0,5.0,
2118696,Bunny Brunch (Miss Fortune World Standalone Easter Cozy Mystery),Riley   Blake,62.0,5.0,
1860985,Other People's Money,Justin Cartwright,272.0,3.0,2011.0
2377552,"Unsilenced: A Teacher’s Year of Battles, Breakthroughs, and Life-Changing Lessons at Belchertown State School",Howard C. Shane,264.0,5.0,
1876079,Cikar Bobrok,Sindhunata,278.0,3.5,1998.0
2469423,Çikolata Kaplı Hüzünler,Canan Tan,176.0,3.25,2002.0
2596256,A Tolkien Compass,Jared Lobdell,216.0,3.0,1975.0
842727,Death of a Wedding Cake Baker (Hayley Powell Food and Cocktails Mystery #11),Lee Hollis,189.0,4.66666666666667,
1041291,"Endless Knight (The Arcana Chronicles, #2)",Kresley Cole,337.0,4.66666666666667,2013.0
1622512,Movie Mayhem: Book Three in the Deathstalker Trilogy (The Hardy Boys: Undercover Brothers 39),Franklin W. Dixon,180.0,5.0,2012.0
841473,Gwen Princesse D'orient,M. Delly,,3.0,1952.0
928498,"Hinge & Sign: Poems, 1968-1993",Heather McHugh,237.0,5.0,1994.0
2333167,De zeven vinkjes: hoe mannen zoals ik de baas spelen,Joris Luyendijk,200.0,3.0,2022.0
399933,Czwarty protokół,Frederick Forsyth,395.0,3.0,1984.0
2553631,The Forgotten,David Baldacci,596.0,3.0,2012.0
925291,"Don't Worry, Be Grumpy: Inspiring Stories for Making the Most of Each Moment",Ajahn Brahm,240.0,4.33333333333333,2014.0
111792,AnnaRose (Tails #4),R.E. Butler,122.0,4.66666666666667,2020.0
1047241,"The Art of the Good Life: 52 Surprising Shortcuts to Happiness, Wealth, and Success",Rolf Dobelli,272.0,4.0,2012.0
2238925,Моє тихе Різдво,Володимир Аренєв,216.0,3.66666666666667,
712321,"The Will (Magdalene, #1)",Kristen Ashley,595.0,4.35042735042735,2014.0
2179603,De mémoire (1): Les jours du début : un automne 1970 à Toulouse,Jean-Marc Rouillan,203.0,4.0,2007.0
13913,A Dádiva da Costureira de Paris,Fiona Valpy,320.0,4.0,2019.0
552819,Tainted Crown,G.N. Wright,98.0,4.0,
2501686,Милые кости,Alice Sebold,384.0,4.22222222222222,2002.0
1912771,Cleanse: The Mall Cadet Book 3,Fiona Ward,48.0,5.0,
144049,Sinners in the Hands of an Angry Church,Dean Merrill,184.0,5.0,1997.0
1575718,La Dame en blanc,Wilkie Collins,666.0,5.0,1859.0
891336,"Changing Dreams (Bear Lake Dreamers, #1)",Kirsten Osbourne,188.0,5.0,
1043987,"The Memory Book: The Classic Guide to Improving Your Memory at Work, at School, and at Play",Harry Lorayne,224.0,3.96296296296296,1974.0
960880,Mielen mittarit,Elina Vessonen,220.0,5.0,
179039,The Love of Fury (A World of Fury Book 1),Jacob Alan Richmond,209.0,5.0,
997057,Jonain päivänä Jennifer,Risto Pakarinen,378.0,3.0,
2226837,Crystal's Heart,B.L.  Miller,316.0,5.0,2004.0
359753,Servet,Roberto García,80.0,4.0,
1515583,Voyage East,Tom   Williams,26.0,4.0,2011.0
1437550,Ashford,Melanie Rose Huff,219.0,2.5,2011.0
1494064,La Odisea,Homer,335.0,3.8125,-700.0
1135518,Fresh Off the Boat,Melissa de la Cruz,268.0,2.0,2005.0
1213577,Pra vida toda valer a pena viver,Ana Cláudia Quintana Arantes,160.0,4.0,2021.0
1087727,Between Piety and Desire (The Neighborhood Story Project),Arlet Wylie,112.0,5.0,2005.0
1879848,Yolanda Díaz. La dama roja,Manuel Sanchez,312.0,3.5,2022.0
519556,Enchanted Ventures (Belles of Broad Street #4),A.K. Landow,434.0,4.75,
145145,"Baby for Dr. Damaged (Silver Fox Bosses of Seattle, #1)",Summer  James,269.0,3.0,
890419,Dia... Dato' Terlajak Sengal,Cik Tet,,4.0,2017.0
2602561,Savages – Zeit des Zorns,Don Winslow,336.0,4.5,2010.0
204560,WSI żołnierze przyklęci,Kafir,272.0,4.0,
786332,The Male Nude,David Leddick,573.0,5.0,1998.0
146437,Leadership on the Line: Staying Alive Through the Dangers of Leading,Ronald A. Heifetz,,2.0,2002.0
2543535,Storia delle donne in Occidente. Vol 1: L'Antichità,Georges Duby,598.0,2.0,1990.0
204162,Ética marica: Proclamas libertarias para una militancia LGTBQ,Paco Vidarte,178.0,3.8,2007.0
69126,Ice Fire (Jock Boucher #1),David Lyons,304.0,4.0,2012.0
566466,"TYR: Myth Culture Tradition, Volume 4",Joshua Buckley,430.0,5.0,2014.0
1494292,Un ange cornu avec des ailes de tôle,Michel Tremblay,245.0,3.84615384615385,1994.0
767979,Astronomi ve Astrofiziğe Giriş,Ahmet Polatoğlu,215.0,5.0,
1000951,Sommaren då katten flyttade,Eli Åhman Owetz,365.0,3.66666666666667,
510479,Medicinal Plants of the Southern Appalachians,Patricia Kyritsi Howell,276.0,5.0,2006.0
1336574,Sometimes They Come Back,Stephen        King,,5.0,1974.0
1699971,"The Gentleman’s Guide to Getting Lucky (Montague Siblings, #1.5)",Mackenzi Lee,128.0,4.1151832460733,2019.0
128141,Syncopated Snowflakes,Amber Night,217.0,4.0,
1976907,Big Sister Spanks Butts,T.O. Barr,46.0,5.0,
2435205,How to Form a Nonprofit Corporation: A Step-by-Step Guide to Forming a 501(c)(3) Nonprofit in Any State,Anthony Mancuso,324.0,4.0,1990.0
682527,O Retorno,Dulce Maria Cardoso,272.0,4.66666666666667,2012.0
2551785,Happily Ever After: The Romance Story in Popular Culture,Catherine M. Roach,240.0,4.5,2016.0
2216378,Storm in a C Cup: My Autobiography,Caroline Flack,284.0,4.5,
364134,Certainty,Madeleine Thien,320.0,4.0,2006.0
102109,Vagabonding: An Uncommon Guide to the Art of Long-Term World Travel,Rolf Potts,,3.0,2002.0
939563,Ancient Ways (Hayle Coven #15),Patti Larsen,,5.0,2013.0
1725568,The Scarlet Letter,Nathaniel Hawthorne,240.0,3.09756097560976,1850.0
854919,Stora små lögner,Liane Moriarty,442.0,3.75,2014.0
1436333,Reese's Cowboy Kiss: Witness Protection - Rancher Style: Blake's Story (Sweet Montana Bride #1),Kimberly Krey,321.0,4.64285714285714,2014.0
2253880,"The Wonder of Love (The Book of Love, #11)",Meara Platt,211.0,3.0,2021.0
394370,The Nightingale,Kristin Hannah,440.0,4.625,2015.0
1557195,"Eggs are Expensive, Sperm is Cheap: 50 Politically Incorrect Thoughts for Men",Greg Krehbiel,92.0,5.0,2014.0
771451,Todos os meus (ex) heróis são machistas,Taís Bravo,29.0,3.33333333333333,
2061983,Kolonia Santita,Enock Maregesi,406.0,5.0,2012.0
1157986,Sepia Leaves,Amandeep Sandhu,280.0,4.0,2007.0
853239,A History of Fashion (Panorama of History),Jacqueline Morley,48.0,4.0,
2139703,Supergod #3,Warren Ellis,24.0,5.0,
2391579,The Devil Don't Sleep (The Satan's Knights MC New York Book 6),Janine Infante Bosco,,5.0,2018.0
1067167,"Das Medallion: ""The Locket""",Kathryn Scarborough,344.0,4.0,2009.0
1690142,სიკვდილით განკურნება (The Maze Runner #3),James Dashner,325.0,4.0,2011.0
1072690,"Anděl smrti (Inspektorka Erika Fosterová, #8)",Robert Bryndza,432.0,4.14285714285714,2024.0
1955444,Die Leiche am Deich,Joost Jensen,358.0,4.0,2022.0
2055756,"The Commitment (Unrestrained, #2)",S.E. Lund,330.0,4.0,2013.0
450448,"Forever Frida: A Celebration of the Life, Art, Loves, Words, and Style of Frida Kahlo",Kathy Cano-Murillo,160.0,4.25,
911499,ضحى الإسلام المجلد الثاني,أحمد أمين,318.0,5.0,
405780,"Classroom Library: Goosebumps, Night of the Living Dummy; Nasty, Stinky Sneakers; How to Eat Fried Worms; Captain Underpants; Runt; Box Car Children; the Family Under the Bridge (24 Books / 18 Titles)",Richard Atwater,0.0,1.0,
423398,Telesna Psihoterapija - Do orgazma i dalje,Ljiljana Klisić,478.0,4.0,
1328197,Prodigy: The Graphic Novel (Legend Book 2),Leigh Dragoon,160.0,5.0,2016.0
1169585,Steve the Noob in a New World: Book 4 (Steve the Noob in a New World (Saga 2)),Steve the Noob,155.0,4.52,
629218,West Coast Bodybuilding Scene: The Golden Era,Dick Tyler,400.0,5.0,2004.0
2129097,Fire (The Elementals #1),L.B. Gilbert,362.0,4.6,2015.0
